household_key,group,treatment,pre_active_days,pre_baskets,pre_sales,pre_quantity,recency,no_pre_purchase,pre_target_baskets,pre_target_sales,pre_target_quantity,pre_target_purchase,pre_coupon_redemptions,pre_campaign_count,target_sales,target_quantity,target_purchase,total_sales,baskets,any_purchase,target_sales_first30,target_quantity_first30,target_purchase_first30,total_sales_first30,baskets_first30,any_purchase_first30,target_sales_per_day,total_sales_per_day,p_score,match_id
6,처치,1,78.0,86.0,2008.22,47797.0,1.0,0,78.0,1262.95,618.0,1,0,2,249.08,94.0,1,493.46,24.0,1,150.6,59.0,1,344.01,16.0,1,5.1892,10.2804,0.9367342440020986,1
1479,대조,0,122.0,234.0,2730.02,32796.0,2.0,0,141.0,1123.49,454.0,1,0,0,386.33,164.0,1,880.34,70.0,1,207.8,93.0,1,529.75,43.0,1,8.0485,18.3404,0.9422986103711544,1
17,처치,1,26.0,32.0,1305.25,90349.0,34.0,0,24.0,744.59,344.0,1,0,3,181.76,79.0,1,236.28,5.0,1,128.72,67.0,1,169.27,4.0,1,3.7867,4.9225,0.8464587588638359,2
1211,대조,0,38.0,44.0,2288.17,86596.0,2.0,0,35.0,1230.65,340.0,1,0,2,287.14,84.0,1,663.51,9.0,1,74.89,23.0,1,214.61,4.0,1,5.9821,13.8231,0.8462092696044266,2
18,처치,1,42.0,47.0,1998.03,50381.0,8.0,0,38.0,798.2,338.0,1,2,1,261.3,104.0,1,549.35,12.0,1,168.38,64.0,1,360.14,7.0,1,5.4438,11.4448,0.8178954590551808,3
654,대조,0,41.0,45.0,620.83,286.0,3.0,0,39.0,268.66,132.0,1,0,2,36.07,26.0,1,72.22,14.0,1,16.85,12.0,1,32.55,7.0,1,0.7515,1.5046,0.8121007786973807,3
22,처치,1,36.0,41.0,1734.25,121507.0,2.0,0,31.0,752.94,279.0,1,6,5,209.89,65.0,1,441.14,10.0,1,134.42,40.0,1,272.19,6.0,1,4.3727,9.1904,0.9453084942256004,4
598,대조,0,50.0,60.0,1006.3,15149.0,4.0,0,46.0,558.09,272.0,1,0,5,166.79,85.0,1,337.65,17.0,1,116.79,55.0,1,261.01,14.0,1,3.4748,7.0344,0.9531913339738558,4
23,처치,1,33.0,35.0,766.19,62340.0,5.0,0,22.0,345.79,128.0,1,0,1,61.41,26.0,1,171.14,11.0,1,34.86,15.0,1,104.35,7.0,1,1.2794,3.5654,0.6365182808998959,5
1905,대조,0,24.0,25.0,514.5600000000001,182.0,8.0,0,15.0,264.93,104.0,1,0,2,19.85,7.0,1,31.72,3.0,1,12.86,6.0,1,24.73,2.0,1,0.4135,0.6608,0.635293175826472,5
25,처치,1,26.0,26.0,878.87,14372.0,4.0,0,22.0,307.33,171.0,1,0,2,101.31,57.0,1,428.46,10.0,1,61.69,32.0,1,248.8,6.0,1,2.1106,8.9263,0.6725291814967376,6
2274,대조,0,14.0,14.0,1926.65,666.0,5.0,0,13.0,1025.08,384.0,1,0,4,127.21,58.0,1,313.71,2.0,1,127.21,58.0,1,313.71,2.0,1,2.6502,6.5356,0.6727325770849762,6
26,처치,1,24.0,27.0,716.1,326.0,5.0,0,22.0,494.32,186.0,1,0,0,32.66,20.0,1,48.6,5.0,1,8.64,6.0,1,18.81,3.0,1,0.6804,1.0125,0.30824306346526875,7
1440,대조,0,28.0,29.0,631.61,49523.0,2.0,0,20.0,244.14,115.0,1,0,0,129.9,45.0,1,332.53,15.0,1,114.63,42.0,1,223.45,5.0,1,2.7063,6.9277,0.30821636750632975,7
32,처치,1,24.0,25.0,803.64,13506.0,7.0,0,21.0,308.06,139.0,1,0,4,79.36,27.0,1,209.34,5.0,1,26.8,6.0,1,56.89,3.0,1,1.6533,4.3612,0.8025147141262765,8
1622,대조,0,28.0,31.0,939.6,36104.0,4.0,0,24.0,475.69,228.0,1,0,3,150.76,66.0,1,378.43,9.0,1,88.39,37.0,1,242.4,6.0,1,3.1408,7.884,0.8026196947214335,8
36,처치,1,53.0,58.0,1288.72,619.0,1.0,0,57.0,987.28,428.0,1,0,1,282.29,116.0,1,504.14,19.0,1,167.06,67.0,1,279.99,9.0,1,5.881,10.5029,0.8035223744601878,9
336,대조,0,25.0,44.0,952.7,76539.0,2.0,0,13.0,298.16,134.0,1,0,2,376.98,163.0,1,788.63,15.0,1,326.64,146.0,1,706.83,14.0,1,7.8538,16.4298,0.8028879321679866,9
39,처치,1,9.0,9.0,875.94,400.0,3.0,0,9.0,416.55,198.0,1,0,3,105.52,55.0,1,233.7,5.0,1,62.88,34.0,1,124.19,2.0,1,2.1983,4.8687,0.3877921878247408,10
584,대조,0,14.0,19.0,281.05,10474.0,23.0,0,16.0,135.29,46.0,1,0,1,0.0,0.0,0,20.0,1.0,1,0.0,0.0,0,0.0,0.0,0,0.0,0.4167,0.388094137074307,10
42,처치,1,31.0,31.0,653.41,484.0,5.0,0,31.0,380.2,216.0,1,0,1,71.72,35.0,1,114.67,4.0,1,25.67,14.0,1,44.6,2.0,1,1.4942,2.389,0.5936152072114492,11
533,대조,0,18.0,21.0,725.07,441.0,7.0,0,18.0,423.16,215.0,1,0,2,32.0,15.0,1,65.92,3.0,1,30.0,14.0,1,60.43,2.0,1,0.6667,1.3733,0.5971525419391601,11
47,처치,1,38.0,40.0,934.57,279.0,6.0,0,28.0,458.34,133.0,1,0,1,77.75,31.0,1,161.82,12.0,1,43.9,20.0,1,103.25,8.0,1,1.6198,3.3712,0.6980845001301111,12
2030,대조,0,20.0,22.0,717.64,18034.0,7.0,0,17.0,326.32,140.0,1,0,3,163.84,81.0,1,294.89,14.0,1,127.51,64.0,1,206.64,8.0,1,3.4133,6.1435,0.7022588364984861,12
49,처치,1,41.0,45.0,2853.6,221133.0,4.0,0,28.0,1333.2,804.0,1,0,2,231.24,133.0,1,506.88,9.0,1,202.73,108.0,1,423.31,8.0,1,4.8175,10.56,0.8601919381752472,13
1566,대조,0,85.0,122.0,4014.66,149529.0,1.0,0,77.0,1780.1,658.0,1,0,0,644.57,210.0,1,1190.35,42.0,1,484.61,159.0,1,866.33,28.0,1,13.4285,24.799,0.8611381627340391,13
51,처치,1,25.0,25.0,1178.79,530.0,6.0,0,22.0,541.0600000000001,243.0,1,0,2,129.88,60.0,1,257.11,4.0,1,47.87,31.0,1,112.37,2.0,1,2.7058,5.3565,0.6823452535805715,14
1847,대조,0,35.0,40.0,1088.66,22111.0,1.0,0,30.0,522.1,221.0,1,0,1,50.8,24.0,1,126.98,6.0,1,28.65,15.0,1,87.18,3.0,1,1.0583,2.6454,0.6824608767781117,14
55,처치,1,44.0,46.0,236.39,144.0,2.0,0,27.0,108.9,58.0,1,0,2,19.98,8.0,1,40.88,10.0,1,10.98,5.0,1,26.23,7.0,1,0.4162,0.8517,0.7693503070973151,15
98,대조,0,29.0,38.0,505.34,396.0,7.0,0,29.0,255.9,163.0,1,0,2,57.38,35.0,1,105.13,5.0,1,43.43,21.0,1,82.05,3.0,1,1.1954,2.1902,0.7694030139680186,15
57,처치,1,36.0,43.0,544.11,27953.0,2.0,0,33.0,200.34,97.0,1,0,2,11.81,8.0,1,20.52,4.0,1,11.31,7.0,1,20.02,3.0,1,0.246,0.4275,0.7897877169560535,16
1773,대조,0,28.0,31.0,1153.94,74791.0,6.0,0,18.0,531.5,185.0,1,4,2,123.74,29.0,1,225.69,10.0,1,57.84,17.0,1,147.24,8.0,1,2.5779,4.7019,0.7920300409408937,16
64,처치,1,67.0,82.0,1044.09,552.0,1.0,0,67.0,561.91,215.0,1,0,1,140.29,49.0,1,277.88,14.0,1,130.0,47.0,1,247.47,12.0,1,2.9227,5.7892,0.8678649058334506,17
56,대조,0,60.0,67.0,2502.88,1006.0,1.0,0,61.0,1076.79,395.0,1,2,1,110.33,53.0,1,323.16,18.0,1,74.49,38.0,1,239.07,13.0,1,2.2985,6.7325,0.8787502611605477,17
65,처치,1,28.0,41.0,692.05,204.0,1.0,0,21.0,270.39,88.0,1,0,4,74.69,18.0,1,116.74,10.0,1,66.11,15.0,1,100.58,8.0,1,1.556,2.4321,0.8757347333314233,18
43,대조,0,39.0,53.0,523.56,32614.0,1.0,0,32.0,361.15,91.0,1,0,3,9.02,7.0,1,20.76,5.0,1,0.74,1.0,1,7.73,2.0,1,0.1879,0.4325,0.8792244414047198,18
67,처치,1,41.0,51.0,1919.59,74415.0,1.0,0,40.0,902.86,466.0,1,9,2,309.61,166.0,1,745.0,20.0,1,229.57,115.0,1,532.17,13.0,1,6.4502,15.5208,0.9058742924216042,19
682,대조,0,44.0,64.0,1733.04,167055.0,4.0,0,48.0,706.57,376.0,1,0,2,191.44,103.0,1,550.82,35.0,1,143.27,73.0,1,400.63,21.0,1,3.9883,11.4754,0.9058499045978394,19
71,처치,1,27.0,27.0,948.62,281.0,11.0,0,25.0,331.5,147.0,1,0,0,148.55,80.0,1,235.71,5.0,1,102.77,43.0,1,173.31,4.0,1,3.0948,4.9106,0.3395622150988228,20
1048,대조,0,31.0,32.0,708.6,65602.0,1.0,0,24.0,287.35,121.0,1,0,0,108.51,37.0,1,282.82,15.0,1,88.76,29.0,1,227.7,14.0,1,2.2606,5.8921,0.34081778474706753,20
74,처치,1,42.0,46.0,799.51,561.0,3.0,0,43.0,514.82,359.0,1,0,2,20.49,16.0,1,32.63,1.0,1,0.0,0.0,0,0.0,0.0,0,0.4269,0.6798,0.8271132499075932,21
1591,대조,0,31.0,34.0,1561.21,78993.0,2.0,0,23.0,732.4,382.0,1,11,2,180.52,80.0,1,369.08,9.0,1,82.22,37.0,1,196.44,5.0,1,3.7608,7.6892,0.8379628841109906,21
78,처치,1,70.0,76.0,764.78,500.0,1.0,0,71.0,373.7,230.0,1,0,2,118.74,76.0,1,296.04,17.0,1,53.79,34.0,1,149.91,7.0,1,2.4738,6.1675,0.9066916416983261,22
1046,대조,0,60.0,65.0,1297.44,31363.0,3.0,0,61.0,782.9300000000001,420.0,1,0,2,86.42,41.0,1,304.95,16.0,1,65.71000000000001,28.0,1,220.63,12.0,1,1.8004,6.3531,0.9020211953223665,22
80,처치,1,27.0,31.0,883.97,32016.0,6.0,0,24.0,492.75,241.0,1,0,0,175.65,106.0,1,275.09,7.0,1,132.22,71.0,1,190.5,3.0,1,3.6594,5.731,0.3689257266369378,23
2187,대조,0,14.0,16.0,694.32,269.0,16.0,0,13.0,427.59,175.0,1,0,1,0.0,0.0,0,0.0,0.0,0,0.0,0.0,0,0.0,0.0,0,0.0,0.0,0.36984362375473095,23
85,처치,1,71.0,78.0,1651.85,23197.0,8.0,0,66.0,833.01,371.0,1,0,3,35.49,18.0,1,59.55,4.0,1,22.91,10.0,1,32.58,2.0,1,0.7394,1.2406,0.9540821905481741,24
534,대조,0,105.0,150.0,407.68,7098.0,1.0,0,90.0,191.41,142.0,1,0,2,41.38,28.0,1,91.0,29.0,1,21.31,17.0,1,53.27,18.0,1,0.8621,1.8958,0.958915056136935,24
91,처치,1,43.0,50.0,1007.83,95824.0,1.0,0,29.0,319.78,121.0,1,0,0,131.55,44.0,1,341.3,20.0,1,67.52,19.0,1,159.28,9.0,1,2.7406,7.1104,0.5226371374604858,25
339,대조,0,23.0,25.0,709.77,511.0,7.0,0,25.0,486.35,298.0,1,0,1,19.69,20.0,1,20.44,1.0,1,0.0,0.0,0,0.0,0.0,0,0.4102,0.4258,0.5239188425522293,25
97,처치,1,54.0,61.0,1612.58,105572.0,8.0,0,44.0,662.52,325.0,1,0,2,154.46,78.0,1,601.5,22.0,1,65.79,30.0,1,261.73,12.0,1,3.2179,12.5312,0.9022546781252904,26
1419,대조,0,107.0,158.0,2502.58,54000.0,1.0,0,94.0,1261.17,503.0,1,0,0,209.88,106.0,1,444.51,30.0,1,115.88,60.0,1,254.03,17.0,1,4.3725,9.2606,0.8922219390667341,26
99,처치,1,63.0,69.0,1749.22,9165.0,1.0,0,59.0,1085.83,578.0,1,0,1,390.93,219.0,1,606.38,18.0,1,214.49,126.0,1,352.04,11.0,1,8.1444,12.6329,0.8506018882648027,27
1172,대조,0,43.0,49.0,1228.79,430.0,3.0,0,33.0,569.91,237.0,1,0,2,233.56,95.0,1,465.87,16.0,1,187.19,75.0,1,363.1,11.0,1,4.8658,9.7056,0.8500410367434715,27
108,처치,1,18.0,21.0,1163.61,13425.0,13.0,0,19.0,660.77,277.0,1,0,3,8.45,1.0,1,8.45,1.0,1,0.0,0.0,0,0.0,0.0,0,0.176,0.176,0.7249425518529645,28
2186,대조,0,36.0,41.0,1797.47,667.0,2.0,0,38.0,1013.89,338.0,1,0,1,235.33,57.0,1,520.66,17.0,1,165.61,40.0,1,321.61,10.0,1,4.9027,10.8471,0.7271940903021843,28
109,처치,1,43.0,45.0,1347.54,596.0,3.0,0,42.0,572.0,272.0,1,0,2,112.6,52.0,1,271.22,10.0,1,89.32000000000001,41.0,1,171.86,7.0,1,2.3458,5.6504,0.8396340211841865,29
2024,대조,0,22.0,24.0,1438.04,101607.0,17.0,0,16.0,631.99,182.0,1,1,4,99.25,30.0,1,160.22,4.0,1,6.859999999999999,3.0,1,27.47,2.0,1,2.0677,3.3379,0.8396986371659168,29
110,처치,1,41.0,51.0,809.24,31360.0,2.0,0,37.0,435.0,236.0,1,0,1,149.93,70.0,1,189.56,8.0,1,53.23,30.0,1,78.32000000000001,3.0,1,3.1235,3.9492,0.7513448140387671,30
836,대조,0,30.0,35.0,726.14,334.0,2.0,0,25.0,410.23,155.0,1,0,2,71.38,23.0,1,156.38,9.0,1,13.73,5.0,1,54.85,5.0,1,1.4871,3.2579,0.744098627351199,30
112,처치,1,29.0,33.0,579.03,47345.0,10.0,0,23.0,150.73,44.0,1,0,0,22.979999999999997,2.0,1,87.64,5.0,1,3.99,1.0,1,68.65,4.0,1,0.4787,1.8258,0.37531800131207016,31
1948,대조,0,33.0,34.0,628.91,346.0,3.0,0,32.0,377.92,178.0,1,0,0,50.16,33.0,1,126.84,10.0,1,29.76,20.0,1,81.08,5.0,1,1.045,2.6425,0.3753597481188474,31
114,처치,1,19.0,19.0,782.82,5128.0,5.0,0,14.0,418.22,150.0,1,0,2,100.61,43.0,1,211.52,4.0,1,72.19,31.0,1,148.13,3.0,1,2.096,4.4067,0.5548506231363308,32
730,대조,0,30.0,30.0,374.86,156.0,8.0,0,28.0,276.46,112.0,1,0,1,63.2,9.0,1,85.9,5.0,1,63.2,9.0,1,85.9,5.0,1,1.3167,1.7896,0.5565681422232892,32
118,처치,1,23.0,26.0,1255.51,58339.0,5.0,0,19.0,543.53,315.0,1,0,2,190.07,114.0,1,429.12,7.0,1,92.31,58.0,1,210.28,4.0,1,3.9598,8.94,0.6916813635117388,33
410,대조,0,42.0,44.0,379.81,244.0,5.0,0,40.0,240.12,130.0,1,0,1,76.19,41.0,1,128.95,17.0,1,45.79,21.0,1,79.69,9.0,1,1.5873,2.6865,0.68605041611699,33
121,처치,1,44.0,55.0,1260.34,661.0,11.0,0,40.0,767.6,299.0,1,0,1,82.81,33.0,1,114.99,8.0,1,64.37,24.0,1,84.6,7.0,1,1.7252,2.3956,0.8111572584983557,34
1989,대조,0,50.0,59.0,1075.86,62859.0,3.0,0,49.0,578.6,353.0,1,0,1,116.66,83.0,1,203.43,10.0,1,74.28,55.0,1,123.29,5.0,1,2.4304,4.2381,0.8084835074964348,34
122,처치,1,19.0,20.0,246.06,85.0,1.0,0,16.0,113.04,39.0,1,0,3,29.82,11.0,1,62.88,5.0,1,11.08,6.0,1,37.82,3.0,1,0.6212,1.31,0.5826901343219708,35
1826,대조,0,33.0,34.0,462.46,377.0,1.0,0,33.0,271.37,189.0,1,0,1,89.21000000000001,66.0,1,148.07,6.0,1,58.85,42.0,1,86.91,4.0,1,1.8585,3.0848,0.5828041454461645,35
123,처치,1,52.0,56.0,1019.52,21983.0,1.0,0,48.0,623.64,281.0,1,0,1,120.69,51.0,1,225.46,11.0,1,66.78999999999999,28.0,1,115.11,6.0,1,2.5144,4.6971,0.7832688343348736,36
808,대조,0,46.0,53.0,895.24,44335.0,7.0,0,35.0,390.47,173.0,1,0,1,34.39,25.0,1,110.64,17.0,1,26.26,20.0,1,76.38,11.0,1,0.7165,2.305,0.7810230744478905,36
132,처치,1,41.0,44.0,1063.46,457.0,2.0,0,42.0,635.87,274.0,1,0,4,85.04,42.0,1,168.97,7.0,1,23.75,16.0,1,55.31,4.0,1,1.7717,3.5202,0.9055513632551185,37
285,대조,0,43.0,48.0,928.73,32673.0,3.0,0,31.0,537.77,206.0,1,0,4,160.09,66.0,1,305.54,15.0,1,147.92,61.0,1,257.13,9.0,1,3.3352,6.3654,0.9131715816533447,37
134,처치,1,22.0,23.0,1278.75,619.0,5.0,0,21.0,608.75,328.0,1,0,3,367.99,137.0,1,617.08,5.0,1,250.89,98.0,1,437.16,4.0,1,7.6665,12.8558,0.7411747143387356,38
863,대조,0,32.0,49.0,689.96,44080.0,3.0,0,42.0,383.32,178.0,1,0,1,82.51,29.0,1,101.29,11.0,1,46.99,21.0,1,64.77,8.0,1,1.719,2.1102,0.7403887652611907,38
139,처치,1,34.0,38.0,1141.4,64028.0,4.0,0,30.0,470.69,262.0,1,0,0,222.74,116.0,1,340.47,8.0,1,98.56,61.0,1,139.08,3.0,1,4.6404,7.0931,0.4522964252279718,39
1621,대조,0,18.0,21.0,914.11,412.0,3.0,0,19.0,484.31,235.0,1,0,1,71.46000000000001,27.0,1,96.12,4.0,1,71.46000000000001,27.0,1,86.63,3.0,1,1.4888,2.0025,0.4545074620918567,39
140,처치,1,22.0,25.0,588.74,325.0,1.0,0,17.0,329.01,189.0,1,0,2,47.03,24.0,1,71.9,5.0,1,28.85,17.0,1,33.73,1.0,1,0.9798,1.4979,0.6128481076527306,40
1499,대조,0,30.0,31.0,762.64,14120.0,9.0,0,28.0,447.15,167.0,1,0,1,128.37,47.0,1,179.06,6.0,1,84.85,30.0,1,103.02,4.0,1,2.6744,3.7304,0.6114696334912748,40
142,처치,1,43.0,43.0,622.29,302.0,4.0,0,33.0,290.42,141.0,1,0,4,21.63,9.0,1,51.81,9.0,1,15.07,6.0,1,40.7,7.0,1,0.4506,1.0794,0.8931885719060284,41
2400,대조,0,70.0,138.0,5321.79,354806.0,2.0,0,71.0,2867.06,1314.0,1,0,0,701.22,322.0,1,1438.21,34.0,1,576.48,269.0,1,1137.04,24.0,1,14.6088,29.9627,0.8912900404118522,41
149,처치,1,36.0,42.0,2456.52,197442.0,5.0,0,26.0,891.48,378.0,1,0,3,374.85,142.0,1,1405.29,23.0,1,238.32,97.0,1,880.9300000000001,15.0,1,7.8094,29.2769,0.8905657146838099,42
722,대조,0,39.0,42.0,2099.73,35081.0,3.0,0,36.0,1600.51,784.0,1,0,3,268.1,135.0,1,434.62,8.0,1,156.75,79.0,1,239.35,4.0,1,5.5854,9.0546,0.8861665468326173,42
155,처치,1,14.0,14.0,784.83,305.0,24.0,0,12.0,390.9,158.0,1,0,1,110.03,46.0,1,265.52,6.0,1,59.4,25.0,1,145.2,4.0,1,2.2923,5.5317,0.34036654067760674,43
1981,대조,0,18.0,18.0,265.06,129.0,5.0,0,16.0,216.95,95.0,1,0,1,57.44,24.0,1,94.1,8.0,1,30.75,12.0,1,65.41,6.0,1,1.1967,1.9604,0.33760204493544427,43
158,처치,1,58.0,58.0,665.53,225.0,2.0,0,53.0,223.22,155.0,1,1,2,69.29,44.0,1,229.5,19.0,1,38.629999999999995,22.0,1,123.92,9.0,1,1.4435,4.7812,0.8783830180022465,44
335,대조,0,48.0,53.0,1174.1,408.0,12.0,0,49.0,624.4,191.0,1,0,2,24.03,8.0,1,36.01,3.0,1,24.03,8.0,1,36.01,3.0,1,0.5006,0.7502,0.8792439301576132,44
161,처치,1,48.0,58.0,1086.55,31047.0,1.0,0,43.0,396.15,147.0,1,0,0,350.84,128.0,1,767.49,34.0,1,268.26,106.0,1,594.32,27.0,1,7.3092,15.9894,0.589728178747959,45
1933,대조,0,25.0,31.0,852.65,42397.0,3.0,0,20.0,369.79,168.0,1,0,1,82.47,36.0,1,214.71,9.0,1,43.53,19.0,1,120.93,5.0,1,1.7181,4.4731,0.5899893212553702,45
164,처치,1,33.0,36.0,1326.58,13532.0,2.0,0,32.0,776.0600000000001,421.0,1,0,0,237.21,125.0,1,393.79,8.0,1,124.09,62.0,1,198.5,4.0,1,4.9419,8.204,0.4316350789306417,46
2347,대조,0,28.0,35.0,1363.58,63687.0,5.0,0,24.0,740.3100000000001,321.0,1,0,0,111.76,75.0,1,265.17,8.0,1,48.83,38.0,1,192.97,7.0,1,2.3283,5.5244,0.432353783717825,46
166,처치,1,34.0,35.0,845.76,367.0,10.0,0,30.0,354.95,154.0,1,0,0,181.34,52.0,1,311.26,10.0,1,132.7,38.0,1,215.91,6.0,1,3.7779,6.4846,0.4233229358678495,47
1121,대조,0,13.0,13.0,524.82,262.0,23.0,0,11.0,254.16,119.0,1,0,2,16.86,10.0,1,77.47,4.0,1,16.86,10.0,1,77.47,4.0,1,0.3512,1.614,0.425616148895188,47
180,처치,1,18.0,22.0,591.84,1945.0,19.0,0,16.0,332.35,134.0,1,0,1,75.41,36.0,1,146.1,4.0,1,75.41,36.0,1,146.1,4.0,1,1.571,3.0437,0.4783442301616322,48
77,대조,0,20.0,20.0,1144.94,576.0,13.0,0,18.0,621.36,271.0,1,0,1,172.07,82.0,1,360.44,6.0,1,97.58,54.0,1,209.01,4.0,1,3.5848,7.5092,0.4782332301192005,48
183,처치,1,38.0,45.0,555.81,221.0,2.0,0,31.0,325.89,120.0,1,0,2,75.73,20.0,1,114.01,12.0,1,61.78,16.0,1,95.19,9.0,1,1.5777,2.3752,0.8004411603625049,49
2018,대조,0,37.0,43.0,755.78,463.0,2.0,0,31.0,391.34,203.0,1,0,2,219.39,79.0,1,483.58,25.0,1,167.58,62.0,1,375.42,20.0,1,4.5706,10.0746,0.8015585611667947,49
184,처치,1,67.0,84.0,2628.18,218383.0,4.0,0,59.0,1362.48,350.0,1,0,4,257.74,83.0,1,461.28,13.0,1,233.91,75.0,1,383.12,8.0,1,5.3696,9.61,0.9707870928705641,50
1258,대조,0,79.0,85.0,1256.11,21555.0,3.0,0,63.0,532.34,214.0,1,0,5,221.63,83.0,1,382.85,21.0,1,162.39,58.0,1,287.85,16.0,1,4.6173,7.976,0.9730826188104756,50
188,처치,1,9.0,10.0,649.87,309.0,122.0,0,8.0,422.23,166.0,1,0,1,0.0,0.0,0,0.0,0.0,0,0.0,0.0,0,0.0,0.0,0,0.0,0.0,0.2578883446086678,51
2173,대조,0,19.0,24.0,683.98,10556.0,2.0,0,21.0,413.36,235.0,1,0,0,217.66,83.0,1,416.45,10.0,1,58.85,37.0,1,107.5,5.0,1,4.5346,8.676,0.25795839928790004,51
193,처치,1,30.0,46.0,1940.58,282601.0,10.0,0,23.0,556.59,241.0,1,0,2,72.24,36.0,1,378.94,9.0,1,15.65,9.0,1,165.73,5.0,1,1.505,7.8946,0.8595467663498931,52
400,대조,0,78.0,105.0,6469.68,277122.0,2.0,0,73.0,2658.84,801.0,1,0,0,621.77,196.0,1,1648.97,29.0,1,364.05,118.0,1,969.88,19.0,1,12.9535,34.3535,0.8518830716525387,52
195,처치,1,17.0,20.0,1215.82,72634.0,2.0,0,15.0,696.18,326.0,1,0,1,82.16,39.0,1,197.23,4.0,1,69.16,30.0,1,140.1,3.0,1,1.7117,4.109,0.4422397858791004,53
893,대조,0,29.0,34.0,1266.72,662.0,12.0,0,33.0,676.13,235.0,1,0,0,323.2,113.0,1,671.62,11.0,1,206.36,70.0,1,401.92,6.0,1,6.7333,13.9921,0.4426628436714921,53
205,처치,1,30.0,37.0,1024.44,400.0,21.0,0,33.0,731.33,264.0,1,0,0,541.12,181.0,1,745.09,18.0,1,231.71,95.0,1,340.43,9.0,1,11.2733,15.5227,0.4725865038074553,54
1151,대조,0,39.0,44.0,847.2,373.0,1.0,0,41.0,601.63,251.0,1,0,0,286.38,56.0,1,352.44,18.0,1,229.63,44.0,1,288.44,13.0,1,5.9662,7.3425,0.47387952012372575,54
208,처치,1,39.0,44.0,1357.15,56805.0,1.0,0,36.0,684.14,279.0,1,1,4,140.8,55.0,1,298.45,6.0,1,134.21,52.0,1,288.87,5.0,1,2.9333,6.2177,0.9160679147957578,55
330,대조,0,97.0,110.0,1241.01,56437.0,1.0,0,90.0,609.71,328.0,1,0,1,61.93,45.0,1,119.66,23.0,1,49.96,36.0,1,81.93,13.0,1,1.2902,2.4929,0.91566162773816,55
211,처치,1,23.0,25.0,485.67,297.0,2.0,0,20.0,173.82,80.0,1,0,0,113.18,53.0,1,221.83,14.0,1,61.5,30.0,1,119.49,9.0,1,2.3579,4.6215,0.25269830295314366,56
1784,대조,0,11.0,11.0,511.46,205.0,32.0,0,11.0,299.24,130.0,1,0,1,77.63,32.0,1,121.84,2.0,1,11.12,3.0,1,24.5,1.0,1,1.6173,2.5383,0.2538399511727345,56
214,처치,1,27.0,27.0,916.54,431.0,7.0,0,26.0,596.45,268.0,1,1,2,165.73,85.0,1,243.86,9.0,1,75.84,42.0,1,101.19,5.0,1,3.4527,5.0804,0.7244181560050805,57
350,대조,0,21.0,23.0,738.87,92809.0,12.0,0,14.0,215.08,82.0,1,0,3,56.08,18.0,1,147.85,4.0,1,0.0,0.0,0,45.19,1.0,1,1.1683,3.0802,0.7222527748222772,57
215,처치,1,39.0,42.0,437.7,283.0,2.0,0,30.0,256.26,159.0,1,0,0,108.41,52.0,1,180.18,15.0,1,93.75,40.0,1,143.06,12.0,1,2.2585,3.7538,0.4202758388832486,58
879,대조,0,33.0,36.0,1008.91,102293.0,3.0,0,30.0,418.57,175.0,1,0,0,99.83,33.0,1,190.15,10.0,1,55.66,17.0,1,104.96,5.0,1,2.0798,3.9615,0.4206986760428926,58
216,처치,1,25.0,27.0,575.53,307.0,2.0,0,20.0,208.39,76.0,1,0,1,98.03,33.0,1,392.91,14.0,1,78.3,24.0,1,183.15,8.0,1,2.0423,8.1856,0.511164836317812,59
1021,대조,0,23.0,26.0,431.19,202.0,18.0,0,12.0,156.96,70.0,1,0,1,55.37,22.0,1,126.23,8.0,1,0.0,0.0,0,20.03,3.0,1,1.1535,2.6298,0.5114907813559887,59
218,처치,1,54.0,68.0,3595.44,415599.0,3.0,0,43.0,1244.88,379.0,1,0,1,165.56,55.0,1,555.24,6.0,1,99.16,32.0,1,357.95,4.0,1,3.4492,11.5675,0.8725636838650054,60
1988,대조,0,44.0,62.0,2561.4,173783.0,4.0,0,40.0,1596.03,528.0,1,0,1,155.98,45.0,1,242.82,6.0,1,155.98,45.0,1,224.02,5.0,1,3.2496,5.0588,0.8482787070576202,60
220,처치,1,23.0,30.0,989.72,67493.0,3.0,0,20.0,398.94,227.0,1,0,1,67.16,31.0,1,142.94,6.0,1,8.219999999999999,7.0,1,46.87,3.0,1,1.3992,2.9779,0.5871415378032756,61
1756,대조,0,10.0,12.0,624.96,30000.0,25.0,0,10.0,255.95,116.0,1,0,4,51.98,14.0,1,96.34,3.0,1,0.0,0.0,0,0.0,0.0,0,1.0829,2.0071,0.5869103573578711,61
221,처치,1,24.0,28.0,916.7,28223.0,4.0,0,24.0,350.93,217.0,1,0,1,113.85,71.0,1,288.94,10.0,1,57.16,36.0,1,168.77,7.0,1,2.3719,6.0196,0.5676123748101305,62
1746,대조,0,14.0,26.0,864.92,280.0,16.0,0,25.0,573.69,166.0,1,0,1,0.0,0.0,0,0.0,0.0,0,0.0,0.0,0,0.0,0.0,0,0.0,0.0,0.5668161638633856,62
222,처치,1,28.0,28.0,1182.01,28830.0,2.0,0,22.0,635.97,304.0,1,1,1,153.31,70.0,1,305.43,7.0,1,80.75,40.0,1,189.34,5.0,1,3.194,6.3631,0.5989071566404047,63
1939,대조,0,21.0,22.0,894.59,48347.0,2.0,0,14.0,330.25,139.0,1,0,2,28.28,12.0,1,173.2,5.0,1,0.0,0.0,0,74.72999999999999,3.0,1,0.5892,3.6083,0.5977686241975977,63
228,처치,1,21.0,23.0,1223.83,18390.0,3.0,0,15.0,957.99,158.0,1,0,0,95.08,62.0,1,304.2,10.0,1,55.72,36.0,1,155.29,5.0,1,1.9808,6.3375,0.2722926797132042,64
1424,대조,0,15.0,15.0,171.03,91.0,11.0,0,14.0,107.99,52.0,1,0,1,19.36,7.0,1,37.68,5.0,1,13.32,5.0,1,28.37,4.0,1,0.4033,0.785,0.2724729054145179,64
230,처치,1,44.0,50.0,1351.19,61733.0,1.0,0,28.0,675.35,352.0,1,0,1,171.6,90.0,1,337.78,11.0,1,96.33,53.0,1,194.6,8.0,1,3.575,7.0371,0.7568192615939782,65
2108,대조,0,47.0,53.0,893.73,3814.0,1.0,0,40.0,440.48,239.0,1,0,1,118.78,57.0,1,145.92,6.0,1,98.23,36.0,1,117.59,4.0,1,2.4746,3.04,0.760523568981351,65
242,처치,1,20.0,20.0,1265.65,501.0,9.0,0,17.0,663.9,264.0,1,0,1,283.3,102.0,1,439.73,7.0,1,188.78,59.0,1,306.64,4.0,1,5.9021,9.161,0.47511686343018417,66
562,대조,0,22.0,23.0,965.35,30569.0,1.0,0,20.0,321.24,124.0,1,0,1,112.36,50.0,1,248.83,5.0,1,60.82,27.0,1,166.34,2.0,1,2.3408,5.184,0.4752070229032672,66
249,처치,1,34.0,38.0,562.57,282.0,1.0,0,23.0,170.8,102.0,1,0,1,88.82,43.0,1,235.01,11.0,1,88.82,43.0,1,226.02,10.0,1,1.8504,4.896,0.6244231594967945,67
1443,대조,0,32.0,36.0,455.7,144.0,5.0,0,30.0,176.01,59.0,1,0,1,2.0,1.0,1,2.0,1.0,1,2.0,1.0,1,2.0,1.0,1,0.0417,0.0417,0.6239379761636921,67
257,처치,1,33.0,44.0,689.79,2384.0,11.0,0,32.0,404.1,243.0,1,0,2,187.07,108.0,1,287.65,7.0,1,152.15,93.0,1,231.79,6.0,1,3.8973,5.9927,0.8233303772915356,68
16,대조,0,35.0,38.0,536.59,27753.0,64.0,0,29.0,212.02,90.0,1,0,2,7.59,3.0,1,11.34,2.0,1,7.59,3.0,1,7.59,1.0,1,0.1581,0.2362,0.8042620182541214,68
258,처치,1,67.0,75.0,733.53,538.0,2.0,0,57.0,292.98,248.0,1,0,3,103.95,51.0,1,200.54,15.0,1,78.7,35.0,1,148.05,11.0,1,2.1656,4.1779,0.9350474868742121,69
740,대조,0,44.0,45.0,2345.0,1287.0,1.0,0,45.0,1396.17,682.0,1,0,4,181.84,76.0,1,322.08,6.0,1,152.31,63.0,1,256.31,5.0,1,3.7883,6.71,0.920624975374355,69
266,처치,1,13.0,13.0,674.25,29714.0,5.0,0,8.0,311.72,135.0,1,0,1,98.99,44.0,1,188.69,3.0,1,25.8,13.0,1,36.23,1.0,1,2.0623,3.931,0.2751862195458073,70
2398,대조,0,23.0,26.0,687.54,287.0,1.0,0,23.0,446.88,180.0,1,0,0,100.67,43.0,1,181.65,6.0,1,43.32,17.0,1,88.57000000000001,4.0,1,2.0973,3.7844,0.2749234255298656,70
271,처치,1,19.0,20.0,165.09,71.0,38.0,0,5.0,26.95,12.0,1,0,3,8.39,4.0,1,37.24,2.0,1,0.0,0.0,0,5.99,1.0,1,0.1748,0.7758,0.6017650688295769,71
1124,대조,0,23.0,31.0,884.14,2514.0,4.0,0,27.0,597.5600000000001,329.0,1,0,1,213.76,89.0,1,287.52,2.0,1,0.0,0.0,0,0.0,0.0,0,4.4533,5.99,0.603762538327666,71
273,처치,1,41.0,46.0,796.82,294.0,5.0,0,28.0,370.37,112.0,1,0,0,68.47,32.0,1,164.56,8.0,1,39.29,14.0,1,113.93,7.0,1,1.4265,3.4283,0.5028265350318362,72
185,대조,0,22.0,25.0,830.28,29110.0,2.0,0,17.0,460.9,238.0,1,0,1,22.94,11.0,1,108.15,6.0,1,12.25,3.0,1,37.65,3.0,1,0.4779,2.2531,0.5016554794292003,72
275,처치,1,75.0,103.0,2096.51,77956.0,4.0,0,70.0,893.78,467.0,1,0,1,164.28,82.0,1,375.61,21.0,1,102.84,48.0,1,257.06,16.0,1,3.4225,7.8252,0.9222657070282991,73
1303,대조,0,58.0,70.0,1798.08,113320.0,4.0,0,31.0,676.51,236.0,1,0,2,172.49,59.0,1,447.01,18.0,1,111.17,39.0,1,323.05,13.0,1,3.5935,9.3127,0.9139563134201094,73
288,처치,1,24.0,25.0,885.28,75210.0,1.0,0,19.0,426.17,190.0,1,0,2,120.63,48.0,1,274.59,8.0,1,37.15,20.0,1,121.57,3.0,1,2.5131,5.7206,0.6380153918795131,74
79,대조,0,56.0,63.0,1536.42,47911.0,1.0,0,44.0,752.26,279.0,1,0,0,135.54,57.0,1,510.9,16.0,1,112.75,44.0,1,425.11,12.0,1,2.8238,10.6437,0.6384967927572847,74
293,처치,1,40.0,46.0,1533.89,623.0,2.0,0,41.0,1132.48,421.0,1,0,2,169.65,71.0,1,232.64,6.0,1,160.66,68.0,1,217.53,5.0,1,3.5344,4.8467,0.8441622015487593,75
1349,대조,0,59.0,63.0,1861.38,22591.0,3.0,0,54.0,1017.39,476.0,1,0,1,210.11,90.0,1,418.47,16.0,1,144.12,62.0,1,275.95,11.0,1,4.3773,8.7181,0.8424205036255352,75
297,처치,1,17.0,19.0,422.65,195.0,11.0,0,15.0,262.0,104.0,1,0,1,62.95,21.0,1,106.83,4.0,1,0.0,0.0,0,12.77,2.0,1,1.3115,2.2256,0.3945375338690706,76
1777,대조,0,18.0,19.0,282.62,95.0,35.0,0,14.0,126.03,39.0,1,0,1,73.93,26.0,1,113.04,10.0,1,55.16,17.0,1,76.89,6.0,1,1.5402,2.355,0.3944526463871824,76
303,처치,1,66.0,76.0,1730.31,30276.0,1.0,0,66.0,778.21,367.0,1,0,1,345.92,195.0,1,637.05,29.0,1,202.59,114.0,1,366.13,16.0,1,7.2067,13.2719,0.8686936340117903,77
1919,대조,0,21.0,28.0,1131.39,66371.0,11.0,0,19.0,568.88,337.0,1,0,4,137.15,72.0,1,300.56,5.0,1,109.33,56.0,1,206.68,3.0,1,2.8573,6.2617,0.8421890339294267,77
312,처치,1,14.0,15.0,1127.51,487.0,7.0,0,14.0,551.66,272.0,1,0,1,42.09,14.0,1,180.42,4.0,1,38.3,13.0,1,169.63,3.0,1,0.8769,3.7587,0.3610771536982888,78
2035,대조,0,16.0,19.0,313.4,193.0,5.0,0,14.0,165.56,82.0,1,0,1,2.84,2.0,1,5.3100000000000005,2.0,1,2.84,2.0,1,5.3100000000000005,2.0,1,0.0592,0.1106,0.36126220275189364,78
318,처치,1,31.0,41.0,407.59,6814.0,8.0,0,17.0,120.27,93.0,1,0,1,24.03,16.0,1,86.95,3.0,1,24.03,16.0,1,86.95,3.0,1,0.5006,1.8115,0.6577531090409064,79
708,대조,0,18.0,19.0,774.78,342.0,5.0,0,19.0,482.26,222.0,1,0,3,146.81,60.0,1,260.16,5.0,1,96.39,41.0,1,186.3,4.0,1,3.0585,5.42,0.657396999997493,79
322,처치,1,20.0,23.0,779.12,12304.0,20.0,0,21.0,363.15,154.0,1,0,1,26.94,15.0,1,40.3,1.0,1,26.94,15.0,1,40.3,1.0,1,0.5612,0.8396,0.5179463173864305,80
1387,대조,0,22.0,25.0,616.13,261.0,9.0,0,24.0,325.44,102.0,1,0,1,42.23,14.0,1,95.79,4.0,1,25.31,9.0,1,55.65,3.0,1,0.8798,1.9956,0.5197085541623546,80
338,처치,1,50.0,56.0,905.6,582.0,6.0,0,47.0,688.08,436.0,1,0,1,92.32,60.0,1,144.93,14.0,1,80.83,49.0,1,121.32,10.0,1,1.9233,3.0194,0.7974643449678213,81
1663,대조,0,53.0,67.0,730.17,174115.0,1.0,0,17.0,116.42,33.0,1,0,1,17.259999999999998,6.0,1,187.9,26.0,1,7.279999999999999,4.0,1,92.32,14.0,1,0.3596,3.9146,0.7975184670290713,81
343,처치,1,18.0,19.0,463.8,186.0,2.0,0,14.0,153.53,56.0,1,0,0,7.109999999999999,3.0,1,26.46,1.0,1,7.109999999999999,3.0,1,26.46,1.0,1,0.1481,0.5512,0.17963467227707486,82
665,대조,0,12.0,12.0,183.93,77.0,1.0,0,6.0,41.19,19.0,1,0,1,0.0,0.0,0,0.0,0.0,0,0.0,0.0,0,0.0,0.0,0,0.0,0.0,0.1803327642279456,82
346,처치,1,50.0,54.0,2089.08,1094.0,3.0,0,50.0,962.43,474.0,1,0,1,248.55,118.0,1,448.21,11.0,1,159.28,79.0,1,264.04,7.0,1,5.1781,9.3377,0.8131718605621112,83
2159,대조,0,37.0,54.0,855.61,33788.0,10.0,0,31.0,416.41,153.0,1,0,1,101.39,36.0,1,144.79,6.0,1,101.39,36.0,1,144.79,6.0,1,2.1123,3.0165,0.7868794469397581,83
348,처치,1,36.0,44.0,958.85,592.0,7.0,0,33.0,581.26,258.0,1,0,0,181.67,75.0,1,269.35,13.0,1,113.51,54.0,1,169.27,11.0,1,3.7848,5.6115,0.5081813948079861,84
2393,대조,0,20.0,22.0,1605.33,638.0,3.0,0,22.0,1037.36,453.0,1,0,1,117.68,59.0,1,180.97,3.0,1,49.46,25.0,1,82.24000000000001,2.0,1,2.4517,3.7702,0.5079056639224259,84
353,처치,1,38.0,39.0,1206.82,545.0,6.0,0,30.0,604.86,250.0,1,1,1,236.93,84.0,1,360.95,10.0,1,92.48,34.0,1,124.68,5.0,1,4.936,7.5198,0.7295642347850653,85
1110,대조,0,65.0,71.0,2949.59,735.0,3.0,0,56.0,716.18,425.0,1,0,0,200.05,136.0,1,906.29,24.0,1,137.26,94.0,1,544.7,17.0,1,4.1677,18.881,0.7285038132308651,85
356,처치,1,49.0,54.0,963.03,71389.0,2.0,0,29.0,191.03,106.0,1,0,0,48.72,31.0,1,215.46,15.0,1,25.47,14.0,1,123.57,9.0,1,1.015,4.4888,0.5571976917874243,86
1858,대조,0,26.0,26.0,1216.06,503.0,4.0,0,24.0,613.22,299.0,1,0,1,110.64,49.0,1,178.39,4.0,1,2.19,1.0,1,15.38,1.0,1,2.305,3.7165,0.5579965287861932,86
362,처치,1,25.0,25.0,882.91,12482.0,10.0,0,23.0,459.87,214.0,1,2,1,89.24,49.0,1,175.53,5.0,1,53.1,32.0,1,98.83,3.0,1,1.8592,3.6569,0.5903310021547628,87
2440,대조,0,26.0,33.0,529.96,224.0,3.0,0,24.0,391.58,131.0,1,0,1,75.12,24.0,1,90.24,5.0,1,27.71,10.0,1,37.05,4.0,1,1.565,1.88,0.5885196305070197,87
364,처치,1,24.0,26.0,710.07,314.0,5.0,0,23.0,390.56,145.0,1,0,3,2.29,1.0,1,2.29,1.0,1,0.0,0.0,0,0.0,0.0,0,0.0477,0.0477,0.7494647156425072,88
2252,대조,0,51.0,78.0,2871.78,211232.0,1.0,0,50.0,1275.44,592.0,1,0,0,452.83,221.0,1,1029.92,37.0,1,305.0,135.0,1,680.42,23.0,1,9.434,21.4567,0.7396089579111291,88
377,처치,1,28.0,29.0,430.9,200.0,1.0,0,27.0,284.89,132.0,1,0,2,176.15,92.0,1,240.9,12.0,1,155.37,85.0,1,216.63,9.0,1,3.6698,5.0188,0.6549971719813503,89
278,대조,0,21.0,21.0,532.69,202.0,2.0,0,19.0,274.01,97.0,1,0,3,94.33,32.0,1,163.24,8.0,1,70.33,18.0,1,91.25,5.0,1,1.9652,3.4008,0.6548167072180319,89
383,처치,1,48.0,53.0,2040.52,57929.0,2.0,0,44.0,1174.62,565.0,1,1,1,247.52,130.0,1,410.17,9.0,1,169.52,85.0,1,253.85,6.0,1,5.1567,8.5452,0.8209189631208589,90
877,대조,0,20.0,20.0,1213.79,54351.0,10.0,0,17.0,571.21,235.0,1,8,3,57.45,41.0,1,167.70000000000002,3.0,1,32.84,26.0,1,86.67,1.0,1,1.1969,3.4938,0.780574327096586,90
387,처치,1,40.0,48.0,1666.59,536.0,3.0,0,34.0,765.35,252.0,1,0,1,157.82,53.0,1,375.86,8.0,1,57.91,22.0,1,126.44,4.0,1,3.2879,7.8304,0.7699771406226665,91
1285,대조,0,41.0,45.0,1412.78,931.0,2.0,0,44.0,919.87,654.0,1,1,1,221.32,139.0,1,359.98,9.0,1,146.62,96.0,1,230.39,6.0,1,4.6108,7.4996,0.7678118738457987,91
390,처치,1,23.0,23.0,455.25,205.0,23.0,0,14.0,165.43,73.0,1,0,1,38.97,22.0,1,129.61,7.0,1,32.94,19.0,1,92.95,4.0,1,0.8119,2.7002,0.4797468788033795,92
720,대조,0,24.0,24.0,569.1,142.0,3.0,0,23.0,335.11,108.0,1,0,1,93.65,26.0,1,111.01,6.0,1,53.39,16.0,1,68.46000000000001,4.0,1,1.951,2.3127,0.47819949787349897,92
420,처치,1,8.0,8.0,188.64,114.0,16.0,0,4.0,103.88,62.0,1,0,3,0.0,0.0,0,0.0,0.0,0,0.0,0.0,0,0.0,0.0,0,0.0,0.0,0.2864942352906933,93
841,대조,0,19.0,29.0,466.29,32061.0,1.0,0,22.0,278.66,84.0,1,0,0,233.82,56.0,1,435.71,25.0,1,102.1,16.0,1,165.23,10.0,1,4.8712,9.0773,0.2871101062548822,93
428,처치,1,29.0,29.0,1179.94,754.0,9.0,0,26.0,680.09,403.0,1,0,2,152.65,91.0,1,257.11,8.0,1,110.97,72.0,1,173.36,5.0,1,3.1802,5.3565,0.736255637379891,94
1580,대조,0,70.0,91.0,790.01,6389.0,2.0,0,65.0,402.8,274.0,1,0,0,57.23,43.0,1,124.33,17.0,1,51.46,40.0,1,114.31,15.0,1,1.1923,2.5902,0.7360724323602701,94
433,처치,1,11.0,11.0,80.86,51.0,10.0,0,8.0,32.730000000000004,14.0,1,0,1,13.15,7.0,1,26.04,5.0,1,8.61,5.0,1,21.5,4.0,1,0.274,0.5425,0.16169670843989728,95
2251,대조,0,5.0,7.0,525.22,299.0,58.0,0,7.0,339.78,200.0,1,0,1,0.0,0.0,0,0.0,0.0,0,0.0,0.0,0,0.0,0.0,0,0.0,0.0,0.1595453773242531,95
441,처치,1,25.0,25.0,683.54,327.0,4.0,0,23.0,324.86,151.0,1,0,0,105.78,36.0,1,244.76,9.0,1,65.73,24.0,1,138.36,6.0,1,2.2038,5.0992,0.28037727353492387,96
1408,대조,0,26.0,27.0,538.19,296.0,2.0,0,22.0,258.97,169.0,1,0,0,35.63,15.0,1,134.77,9.0,1,27.96,12.0,1,92.17,6.0,1,0.7423,2.8077,0.28078661271859123,96
443,처치,1,24.0,27.0,944.97,572.0,1.0,0,27.0,566.91,382.0,1,2,2,190.23,121.0,1,302.82,14.0,1,130.49,82.0,1,216.79,11.0,1,3.9631,6.3088,0.7152999214996753,97
1683,대조,0,25.0,25.0,477.46,175.0,7.0,0,14.0,169.18,74.0,1,0,3,0.0,0.0,0,8.07,2.0,1,0.0,0.0,0,0.0,0.0,0,0.0,0.1681,0.7162505861115237,97
447,처치,1,23.0,23.0,275.9,129.0,72.0,0,19.0,108.79,67.0,1,0,3,0.0,0.0,0,30.01,1.0,1,0.0,0.0,0,30.01,1.0,1,0.0,0.6252,0.7127437580191713,98
2342,대조,0,60.0,75.0,1928.83,373449.0,2.0,0,41.0,583.21,326.0,1,0,0,102.8,99.0,1,385.6,15.0,1,72.66,65.0,1,293.81,11.0,1,2.1417,8.0333,0.71299383861669,98
451,처치,1,37.0,44.0,678.6800000000001,7420.0,2.0,0,31.0,328.66,103.0,1,0,1,76.87,32.0,1,200.96,15.0,1,52.39,21.0,1,143.44,10.0,1,1.6015,4.1867,0.6967262493489688,99
2466,대조,0,25.0,28.0,791.76,306.0,7.0,0,28.0,574.1,127.0,1,0,2,469.75,144.0,1,713.5,11.0,1,207.95,68.0,1,401.7,4.0,1,9.7865,14.8646,0.7041732779781089,99
460,처치,1,30.0,35.0,175.17,14568.0,2.0,0,28.0,75.2,52.0,1,0,2,26.57,14.0,1,29.24,7.0,1,22.56,10.0,1,25.23,5.0,1,0.5535,0.6092,0.6769132033856455,100
946,대조,0,36.0,39.0,905.12,558.0,2.0,0,35.0,622.89,347.0,1,0,1,53.86,25.0,1,88.75,9.0,1,20.01,10.0,1,24.64,3.0,1,1.1221,1.849,0.6761965134255216,100
462,처치,1,27.0,29.0,429.28,204.0,8.0,0,26.0,253.08,131.0,1,0,0,108.44,51.0,1,165.9,9.0,1,97.15,45.0,1,125.01,7.0,1,2.2592,3.4562,0.3155366269718655,101
45,대조,0,15.0,17.0,259.1,107.0,4.0,0,17.0,214.3,87.0,1,0,1,4.99,1.0,1,9.16,1.0,1,4.99,1.0,1,9.16,1.0,1,0.104,0.1908,0.31620150748007997,101
479,처치,1,21.0,23.0,512.0,285.0,1.0,0,14.0,255.62,122.0,1,0,1,120.07,61.0,1,232.49,5.0,1,24.31,13.0,1,61.71,3.0,1,2.5015,4.8435,0.4296984555578529,102
2021,대조,0,20.0,22.0,486.66,237.0,3.0,0,16.0,209.54,75.0,1,0,1,20.86,7.0,1,30.41,4.0,1,15.38,5.0,1,20.95,3.0,1,0.4346,0.6335,0.42989874000697165,102
480,처치,1,16.0,16.0,653.0,59621.0,3.0,0,10.0,282.46,129.0,1,0,3,64.56,19.0,1,91.92,3.0,1,64.56,19.0,1,91.92,3.0,1,1.345,1.915,0.5678831296107508,103
831,대조,0,42.0,48.0,2448.51,905.0,1.0,0,42.0,1191.42,436.0,1,0,0,328.12,121.0,1,756.89,15.0,1,198.27,67.0,1,465.86,8.0,1,6.8358,15.7685,0.5689844239651055,103
483,처치,1,33.0,37.0,845.0500000000001,420.0,16.0,0,32.0,520.34,264.0,1,0,1,261.16,145.0,1,431.15,9.0,1,175.21,97.0,1,294.73,6.0,1,5.4408,8.9823,0.6890450605354782,104
1270,대조,0,19.0,25.0,956.65,344.0,12.0,0,22.0,646.9,216.0,1,0,2,154.62,54.0,1,310.87,7.0,1,97.94,33.0,1,182.1,3.0,1,3.2212,6.4765,0.6839704933401579,104
484,처치,1,35.0,41.0,927.4,6122.0,10.0,0,31.0,457.89,225.0,1,0,1,126.87,57.0,1,251.05,12.0,1,59.05,27.0,1,103.18,6.0,1,2.6431,5.2302,0.7157868989070245,105
578,대조,0,36.0,42.0,833.15,15217.0,8.0,0,31.0,396.37,162.0,1,0,1,250.03,79.0,1,368.14,15.0,1,130.35,38.0,1,194.29,11.0,1,5.209,7.6696,0.7139387434289227,105
490,처치,1,22.0,23.0,1104.84,753.0,20.0,0,14.0,382.3,192.0,1,1,3,106.2,87.0,1,219.43,5.0,1,106.2,87.0,1,219.43,5.0,1,2.2125,4.5715,0.7719831746770728,106
1850,대조,0,74.0,88.0,2534.58,273563.0,2.0,0,57.0,1005.0,461.0,1,0,0,135.48,58.0,1,497.48,14.0,1,77.25,28.0,1,344.19,9.0,1,2.8225,10.3642,0.7758663523185035,106
491,처치,1,28.0,34.0,1315.95,68146.0,9.0,0,21.0,629.32,195.0,1,0,2,118.35,40.0,1,213.31,8.0,1,44.93,14.0,1,87.09,3.0,1,2.4656,4.444,0.7794368849372685,107
2493,대조,0,42.0,47.0,1005.9,43915.0,39.0,0,33.0,526.9300000000001,217.0,1,0,1,22.6,10.0,1,28.12,3.0,1,8.79,6.0,1,13.31,2.0,1,0.4708,0.5858,0.7802908550798267,107
517,처치,1,27.0,32.0,1140.08,23732.0,2.0,0,25.0,589.8,281.0,1,0,2,166.74,66.0,1,362.64,8.0,1,98.57,36.0,1,192.1,6.0,1,3.4738,7.555,0.7398705311176276,108
2013,대조,0,32.0,38.0,343.28000000000003,158.0,3.0,0,26.0,171.89,88.0,1,0,2,51.59,24.0,1,74.14,13.0,1,48.72,23.0,1,71.27,12.0,1,1.0748,1.5446,0.7385564343023009,108
523,처치,1,50.0,57.0,1095.2,73631.0,2.0,0,47.0,468.06,247.0,1,0,0,154.77,71.0,1,348.27,17.0,1,84.16,43.0,1,241.55,12.0,1,3.2244,7.2556,0.5951378973817388,109
1800,대조,0,28.0,31.0,1491.34,357047.0,2.0,0,12.0,310.89,142.0,1,0,1,38.78,14.0,1,264.19,7.0,1,33.83,9.0,1,109.25,3.0,1,0.8079,5.504,0.6044466784051589,109
524,처치,1,22.0,22.0,383.97,6845.0,3.0,0,20.0,287.55,130.0,1,0,3,44.81,15.0,1,53.1,4.0,1,44.81,15.0,1,53.1,4.0,1,0.9335,1.1062,0.6592404642173656,110
192,대조,0,24.0,24.0,1031.96,417.0,5.0,0,23.0,489.82,178.0,1,0,2,131.58,44.0,1,298.35,8.0,1,73.14,24.0,1,152.44,4.0,1,2.7413,6.2156,0.660221160005979,110
536,처치,1,19.0,21.0,375.61,3737.0,30.0,0,16.0,208.54,115.0,1,0,3,83.92,51.0,1,153.18,8.0,1,34.1,23.0,1,63.87,5.0,1,1.7483,3.1912,0.6808005976932846,111
1428,대조,0,49.0,64.0,2114.23,131752.0,5.0,0,40.0,872.13,431.0,1,0,0,90.6,40.0,1,284.84,15.0,1,65.33,29.0,1,238.16,11.0,1,1.8875,5.9342,0.6815151409600553,111
542,처치,1,29.0,31.0,537.1800000000001,12172.0,9.0,0,24.0,274.95,127.0,1,0,0,84.28,36.0,1,172.3,7.0,1,58.58,26.0,1,110.97,5.0,1,1.7558,3.5896,0.3492078117600426,112
2439,대조,0,20.0,20.0,193.54,140.0,3.0,0,19.0,146.32999999999998,106.0,1,0,1,6.67,2.0,1,10.96,2.0,1,6.67,2.0,1,10.96,2.0,1,0.139,0.2283,0.3494732386490934,112
545,처치,1,17.0,17.0,825.96,15497.0,17.0,0,15.0,353.31,185.0,1,4,1,44.36,25.0,1,93.41,2.0,1,44.36,25.0,1,93.41,2.0,1,0.9242,1.946,0.47472984450572775,113
1524,대조,0,21.0,22.0,987.67,72134.0,5.0,0,13.0,455.38,195.0,1,0,1,108.36,48.0,1,265.64,5.0,1,66.44,33.0,1,162.43,3.0,1,2.2575,5.5342,0.47629023130470893,113
546,처치,1,38.0,44.0,1062.83,47377.0,2.0,0,30.0,311.37,249.0,1,0,1,116.39,64.0,1,310.73,9.0,1,93.75,53.0,1,259.84000000000003,7.0,1,2.4248,6.4735,0.7182105574260363,114
405,대조,0,29.0,31.0,1113.26,189183.0,1.0,0,13.0,315.0,229.0,1,0,2,121.84,68.0,1,339.95,10.0,1,57.34,35.0,1,176.22,6.0,1,2.5383,7.0823,0.7101491349134686,114
548,처치,1,26.0,28.0,1468.33,12046.0,6.0,0,26.0,770.21,419.0,1,0,1,129.51,63.0,1,218.6,5.0,1,111.53,52.0,1,186.98,4.0,1,2.6981,4.5542,0.6042201400987804,115
279,대조,0,20.0,28.0,959.86,69521.0,7.0,0,19.0,515.8,233.0,1,1,1,44.13,19.0,1,55.15,2.0,1,44.13,19.0,1,55.15,2.0,1,0.9194,1.149,0.6055110171585665,115
558,처치,1,35.0,41.0,724.87,330.0,5.0,0,36.0,470.18,168.0,1,0,1,101.83,38.0,1,139.36,10.0,1,92.48,34.0,1,127.12,8.0,1,2.1215,2.9033,0.6948557691804507,116
2075,대조,0,49.0,72.0,1938.54,117380.0,2.0,0,55.0,977.32,405.0,1,0,0,227.56,84.0,1,478.5,17.0,1,180.22,49.0,1,338.41,13.0,1,4.7408,9.9688,0.7066375722738424,116
563,처치,1,21.0,27.0,1074.75,58401.0,1.0,0,19.0,441.58,222.0,1,0,0,0.0,0.0,0,2.99,1.0,1,0.0,0.0,0,2.99,1.0,1,0.0,0.0623,0.30431924465498517,117
1530,대조,0,14.0,14.0,308.37,114.0,34.0,0,14.0,209.84,83.0,1,0,1,0.0,0.0,0,38.68,1.0,1,0.0,0.0,0,0.0,0.0,0,0.0,0.8058,0.3017217077987401,117
566,처치,1,24.0,27.0,323.9,19076.0,4.0,0,18.0,103.95,48.0,1,0,0,6.49,2.0,1,17.46,1.0,1,6.49,2.0,1,17.46,1.0,1,0.1352,0.3638,0.26255279622834243,118
391,대조,0,19.0,22.0,900.38,381.0,9.0,0,17.0,372.74,158.0,1,0,0,0.0,0.0,0,7.99,1.0,1,0.0,0.0,0,0.0,0.0,0,0.0,0.1665,0.26437307004134364,118
577,처치,1,11.0,12.0,1084.01,406.0,39.0,0,9.0,525.11,198.0,1,0,0,61.38,29.0,1,163.29,2.0,1,0.0,0.0,0,0.0,0.0,0,1.2788,3.4019,0.14704932564711054,119
984,대조,0,13.0,15.0,551.23,269.0,4.0,0,15.0,415.98,197.0,1,0,0,3.5199999999999996,2.0,1,3.5199999999999996,1.0,1,3.5199999999999996,2.0,1,3.5199999999999996,1.0,1,0.0733,0.0733,0.14721757700900368,119
580,처치,1,28.0,30.0,400.4,115.0,9.0,0,19.0,105.66,47.0,1,0,1,17.9,8.0,1,70.96000000000001,6.0,1,11.12,7.0,1,29.11,3.0,1,0.3729,1.4783,0.5539380517967963,120
705,대조,0,28.0,29.0,495.94,285.0,5.0,0,28.0,358.2,240.0,1,0,1,94.18,40.0,1,125.2,11.0,1,64.2,27.0,1,78.57000000000001,7.0,1,1.9621,2.6083,0.5516930286507786,120
582,처치,1,39.0,41.0,1079.06,52779.0,1.0,0,30.0,445.13,184.0,1,0,1,167.24,32.0,1,302.56,4.0,1,102.32,15.0,1,164.25,3.0,1,3.4842,6.3033,0.6897379874442611,121
136,대조,0,29.0,35.0,1522.6,816.0,5.0,0,30.0,716.42,363.0,1,0,1,68.98,39.0,1,155.1,6.0,1,65.6,35.0,1,143.64,5.0,1,1.4371,3.2312,0.6798399487764657,121
594,처치,1,17.0,20.0,691.44,306.0,5.0,0,13.0,316.29,162.0,1,0,1,66.63,37.0,1,122.52,5.0,1,66.63,37.0,1,122.52,5.0,1,1.3881,2.5525,0.4217849096120751,122
778,대조,0,10.0,11.0,281.7,2304.0,14.0,0,9.0,176.19,75.0,1,0,3,12.95,12.0,1,43.64,9.0,1,9.15,8.0,1,32.75,7.0,1,0.2698,0.9092,0.4175553524238558,122
603,처치,1,23.0,26.0,444.69,31987.0,19.0,0,14.0,186.81,83.0,1,0,3,0.0,0.0,0,0.0,0.0,0,0.0,0.0,0,0.0,0.0,0,0.0,0.0,0.7407838086848593,123
527,대조,0,43.0,43.0,1322.25,492.0,4.0,0,41.0,559.8100000000001,206.0,1,0,1,123.55,62.0,1,267.53000000000003,11.0,1,77.21000000000001,35.0,1,159.18,5.0,1,2.574,5.5735,0.7371071011361122,123
606,처치,1,26.0,31.0,1016.99,10441.0,1.0,0,29.0,586.27,271.0,1,0,1,231.94,90.0,1,392.27,8.0,1,91.91,37.0,1,182.4,4.0,1,4.8321,8.1723,0.5930124798005069,124
1569,대조,0,21.0,24.0,369.7,216.0,2.0,0,20.0,215.6,122.0,1,0,2,18.31,6.0,1,28.86,2.0,1,18.31,6.0,1,28.86,2.0,1,0.3815,0.6012,0.5848109421093818,124
607,처치,1,23.0,27.0,465.7,18839.0,19.0,0,20.0,263.77,153.0,1,0,1,0.0,0.0,0,0.0,1.0,1,0.0,0.0,0,0.0,1.0,1,0.0,0.0,0.5423543003254172,125
384,대조,0,15.0,17.0,900.1800000000001,18290.0,18.0,0,11.0,366.49,145.0,1,0,2,113.97,55.0,1,244.85,5.0,1,46.36,18.0,1,62.010000000000005,2.0,1,2.3744,5.101,0.5452838089532492,125
621,처치,1,35.0,36.0,1096.26,375.0,1.0,0,29.0,528.71,157.0,1,0,0,173.78,64.0,1,270.45,13.0,1,117.39,42.0,1,191.2,9.0,1,3.6204,5.6344,0.4091572905963023,126
1961,대조,0,13.0,15.0,265.51,131.0,5.0,0,14.0,150.87,83.0,1,0,2,30.23,10.0,1,40.61,6.0,1,19.15,5.0,1,27.74,3.0,1,0.6298,0.846,0.40862614174206613,126
624,처치,1,24.0,29.0,1415.32,83136.0,4.0,0,18.0,669.25,374.0,1,0,3,223.37,142.0,1,504.46,13.0,1,219.37,138.0,1,490.74,10.0,1,4.6535,10.5096,0.7986093944279598,127
741,대조,0,32.0,34.0,1297.52,6748.0,6.0,0,33.0,781.93,317.0,1,0,2,180.31,65.0,1,348.48,9.0,1,131.18,46.0,1,229.21,6.0,1,3.7565,7.26,0.7804510470113222,127
632,처치,1,23.0,24.0,901.83,10961.0,3.0,0,23.0,478.11,208.0,1,0,0,113.46,29.0,1,206.77,6.0,1,20.36,9.0,1,68.32000000000001,3.0,1,2.3638,4.3077,0.2777566691542576,128
2415,대조,0,12.0,13.0,247.43,124.0,71.0,0,11.0,128.95,54.0,1,0,1,0.79,1.0,1,3.31,1.0,1,0.0,0.0,0,0.0,0.0,0,0.0165,0.069,0.2790508182868934,128
633,처치,1,44.0,56.0,1562.06,69378.0,3.0,0,41.0,824.48,270.0,1,0,0,99.72,33.0,1,139.46,5.0,1,51.85,21.0,1,81.89,3.0,1,2.0775,2.9054,0.6124622215581962,129
1333,대조,0,48.0,50.0,2570.99,911.0,4.0,0,47.0,1636.17,552.0,1,0,0,349.54,152.0,1,778.21,11.0,1,259.14,103.0,1,568.45,7.0,1,7.2821,16.2127,0.6093203761292784,129
634,처치,1,19.0,20.0,815.48,335.0,35.0,0,14.0,323.85,117.0,1,0,2,0.0,0.0,0,0.0,0.0,0,0.0,0.0,0,0.0,0.0,0,0.0,0.0,0.6150456883392237,130
402,대조,0,28.0,32.0,869.73,78733.0,6.0,0,22.0,309.82,119.0,1,0,1,18.39,6.0,1,29.84,2.0,1,9.8,3.0,1,13.78,1.0,1,0.3831,0.6217,0.6165976272853462,130
638,처치,1,44.0,50.0,2527.06,158969.0,3.0,0,36.0,1278.4,483.0,1,0,1,298.37,118.0,1,808.6,22.0,1,255.6,99.0,1,600.01,14.0,1,6.216,16.8458,0.7977823370690812,131
2034,대조,0,43.0,49.0,1220.29,104567.0,4.0,0,33.0,653.0600000000001,402.0,1,0,1,169.43,121.0,1,279.4,17.0,1,104.69,69.0,1,165.27,13.0,1,3.5298,5.8208,0.7652674944544384,131
640,처치,1,20.0,21.0,446.89,10244.0,31.0,0,17.0,294.11,122.0,1,0,1,0.0,0.0,0,0.0,0.0,0,0.0,0.0,0,0.0,0.0,0,0.0,0.0,0.45741127548189203,132
1484,대조,0,38.0,41.0,1017.21,517.0,1.0,0,37.0,513.48,278.0,1,0,0,127.19,44.0,1,223.37,8.0,1,63.25,21.0,1,119.84,5.0,1,2.6498,4.6535,0.45673651654633035,132
650,처치,1,20.0,22.0,394.34,191.0,3.0,0,19.0,201.82,81.0,1,0,3,24.26,15.0,1,67.88,4.0,1,22.07,13.0,1,65.69,3.0,1,0.5054,1.4142,0.6596008665724367,133
907,대조,0,24.0,26.0,623.49,354.0,6.0,0,21.0,273.2,164.0,1,0,2,2.02,2.0,1,30.37,3.0,1,2.02,2.0,1,30.37,3.0,1,0.0421,0.6327,0.660302952279065,133
671,처치,1,31.0,33.0,1527.32,109184.0,4.0,0,24.0,466.02,199.0,1,0,1,115.8,62.0,1,328.95,11.0,1,89.4,51.0,1,220.39,6.0,1,2.4125,6.8531,0.6526806353569177,134
1246,대조,0,17.0,18.0,936.75,308.0,6.0,0,18.0,308.72,111.0,1,0,3,104.07,30.0,1,170.94,4.0,1,104.07,30.0,1,170.94,4.0,1,2.1681,3.5612,0.6524525552119393,134
672,처치,1,30.0,33.0,520.29,22817.0,5.0,0,26.0,233.15,130.0,1,0,0,34.52,18.0,1,52.26,3.0,1,30.33,14.0,1,45.08,2.0,1,0.7192,1.0887,0.3590207868744196,135
2032,대조,0,17.0,17.0,345.59,4979.0,19.0,0,15.0,116.19,47.0,1,0,1,6.8,4.0,1,6.8,1.0,1,6.8,4.0,1,6.8,1.0,1,0.1417,0.1417,0.35757867074328126,135
680,처치,1,27.0,32.0,1280.9,754.0,2.0,0,25.0,704.14,347.0,1,2,1,118.9,69.0,1,190.76,5.0,1,30.17,14.0,1,48.32,3.0,1,2.4771,3.9742,0.6674730495244547,136
1055,대조,0,16.0,16.0,214.15,104.0,8.0,0,14.0,91.06,36.0,1,0,5,24.58,11.0,1,55.46,4.0,1,20.89,9.0,1,33.0,2.0,1,0.5121,1.1554,0.6648974289076514,136
681,처치,1,15.0,15.0,629.24,197.0,17.0,0,11.0,288.63,100.0,1,3,4,105.11,34.0,1,215.38,6.0,1,77.18,25.0,1,111.92,2.0,1,2.1898,4.4871,0.7075975250858206,137
2102,대조,0,33.0,34.0,1052.37,385.0,10.0,0,30.0,661.58,226.0,1,0,1,216.99,67.0,1,335.14,9.0,1,118.24,36.0,1,182.02,5.0,1,4.5206,6.9821,0.6635328752264937,137
694,처치,1,14.0,14.0,178.94,70.0,5.0,0,12.0,62.02,38.0,1,0,1,0.0,0.0,0,0.0,0.0,0,0.0,0.0,0,0.0,0.0,0,0.0,0.0,0.24129425734145785,138
502,대조,0,17.0,21.0,901.25,516.0,6.0,0,14.0,651.47,271.0,1,0,0,0.0,0.0,0,0.0,0.0,0,0.0,0.0,0,0.0,0.0,0,0.0,0.0,0.24230480802330895,138
697,처치,1,23.0,27.0,986.87,65524.0,1.0,0,22.0,446.32,231.0,1,0,1,61.120000000000005,30.0,1,111.88,3.0,1,61.120000000000005,30.0,1,111.88,3.0,1,1.2733,2.3308,0.5360641193670159,139
691,대조,0,17.0,18.0,788.09,326.0,4.0,0,17.0,422.19,183.0,1,0,2,11.06,4.0,1,39.61,1.0,1,11.06,4.0,1,39.61,1.0,1,0.2304,0.8252,0.5365104461295718,139
716,처치,1,29.0,31.0,475.28,18710.0,6.0,0,25.0,298.35,143.0,1,0,0,82.02,36.0,1,110.67,11.0,1,58.98,29.0,1,80.75,9.0,1,1.7088,2.3056,0.3360624728565383,140
2046,대조,0,17.0,19.0,218.82,89.0,3.0,0,16.0,123.51,51.0,1,0,1,0.0,0.0,0,5.08,2.0,1,0.0,0.0,0,4.74,1.0,1,0.0,0.1058,0.3361107281125718,140
733,처치,1,22.0,23.0,888.28,551.0,9.0,0,18.0,222.23,152.0,1,0,0,48.85,52.0,1,154.15,5.0,1,35.96,31.0,1,122.01,4.0,1,1.0177,3.2115,0.2772935388504064,141
927,대조,0,22.0,24.0,909.36,407.0,3.0,0,21.0,459.58,205.0,1,0,0,27.79,14.0,1,48.05,3.0,1,27.79,14.0,1,48.05,3.0,1,0.579,1.001,0.276460623606404,141
749,처치,1,32.0,38.0,518.02,12952.0,23.0,0,30.0,296.36,147.0,1,0,1,15.73,5.0,1,23.71,4.0,1,15.73,5.0,1,23.71,4.0,1,0.3277,0.494,0.6777777477720601,142
1448,대조,0,57.0,63.0,1313.77,4147.0,11.0,0,35.0,438.47,161.0,1,0,0,38.99,9.0,1,105.93,5.0,1,38.99,9.0,1,105.93,5.0,1,0.8123,2.2069,0.6627732191472677,142
752,처치,1,37.0,39.0,1297.42,154819.0,5.0,0,30.0,553.73,205.0,1,0,1,14.8,5.0,1,43.55,3.0,1,14.8,5.0,1,43.55,3.0,1,0.3083,0.9073,0.7051284425242361,143
1783,대조,0,15.0,18.0,880.1,394.0,7.0,0,15.0,494.92,239.0,1,0,3,312.48,137.0,1,730.89,12.0,1,138.41,62.0,1,331.1,6.0,1,6.51,15.2269,0.6480846965126525,143
754,처치,1,8.0,8.0,452.91,217.0,20.0,0,8.0,195.14,127.0,1,0,3,51.03,36.0,1,87.13,5.0,1,51.03,36.0,1,82.44,4.0,1,1.0631,1.8152,0.3480768319041303,144
1809,대조,0,17.0,17.0,470.56,284.0,4.0,0,16.0,231.22,156.0,1,0,1,64.6,31.0,1,95.64,3.0,1,54.18,23.0,1,66.0,2.0,1,1.3458,1.9925,0.3464168231541604,144
763,처치,1,8.0,8.0,1005.34,559.0,5.0,0,8.0,586.13,259.0,1,0,1,0.0,0.0,0,0.0,0.0,0,0.0,0.0,0,0.0,0.0,0,0.0,0.0,0.17777199890371093,145
1076,대조,0,19.0,19.0,300.49,119.0,5.0,0,16.0,122.58,38.0,1,0,0,127.82,22.0,1,181.69,4.0,1,5.0,3.0,1,10.67,1.0,1,2.6629,3.7852,0.17569017765505227,145
764,처치,1,22.0,28.0,874.1,36477.0,4.0,0,23.0,429.96,203.0,1,0,0,213.65,100.0,1,474.85,19.0,1,117.1,66.0,1,266.34000000000003,11.0,1,4.451,9.8927,0.3271113337434809,146
475,대조,0,14.0,15.0,482.63,261.0,15.0,0,11.0,265.2,122.0,1,0,1,73.0,39.0,1,118.7,4.0,1,73.0,39.0,1,118.7,4.0,1,1.5208,2.4729,0.32509601023218154,146
780,처치,1,13.0,14.0,79.4,53.0,67.0,0,6.0,28.13,15.0,1,0,1,0.0,0.0,0,0.0,0.0,0,0.0,0.0,0,0.0,0.0,0,0.0,0.0,0.23625961525172265,147
2059,대조,0,10.0,10.0,495.13,197.0,67.0,0,8.0,362.23,126.0,1,0,1,123.59,58.0,1,215.11,5.0,1,71.39,27.0,1,119.59,3.0,1,2.5748,4.4815,0.23565932148757604,147
784,처치,1,17.0,19.0,649.86,51575.0,12.0,0,13.0,242.46,116.0,1,0,2,29.69,18.0,1,116.54,8.0,1,29.69,18.0,1,55.15,5.0,1,0.6185,2.4279,0.5599077760900515,148
1686,대조,0,30.0,31.0,380.29,12344.0,5.0,0,27.0,145.99,77.0,1,0,1,38.04,30.0,1,91.82,7.0,1,33.05,28.0,1,74.82,5.0,1,0.7925,1.9129,0.5589820296182502,148
802,처치,1,17.0,17.0,398.72,130.0,7.0,0,16.0,170.94,69.0,1,0,1,88.26,30.0,1,134.03,3.0,1,26.54,7.0,1,42.56,1.0,1,1.8388,2.7923,0.3473354700654796,149
1010,대조,0,24.0,32.0,913.49,80589.0,1.0,0,16.0,347.46,190.0,1,0,0,87.15,46.0,1,207.61,10.0,1,38.28,20.0,1,144.86,7.0,1,1.8156,4.3252,0.34602205934261043,149
820,처치,1,22.0,27.0,351.41,168.0,1.0,0,18.0,209.15,76.0,1,0,0,33.32,9.0,1,65.98,7.0,1,19.99,7.0,1,37.620000000000005,3.0,1,0.6942,1.3746,0.25008554579792214,150
1345,대조,0,12.0,13.0,286.7,122.0,9.0,0,11.0,127.1,47.0,1,0,1,0.0,0.0,0,19.43,1.0,1,0.0,0.0,0,19.43,1.0,1,0.0,0.4048,0.25032673447040027,150
823,처치,1,27.0,29.0,945.31,26742.0,2.0,0,17.0,327.27,145.0,1,0,0,11.79,4.0,1,72.94,6.0,1,11.79,4.0,1,67.94,5.0,1,0.2456,1.5196,0.3257818245815659,151
1354,대조,0,27.0,30.0,751.82,27866.0,1.0,0,25.0,384.12,165.0,1,0,0,141.39,43.0,1,224.7,9.0,1,73.96,21.0,1,122.46,5.0,1,2.9456,4.6812,0.32412509954323226,151
830,처치,1,23.0,28.0,318.4,252.0,10.0,0,23.0,230.01,131.0,1,0,2,9.71,8.0,1,12.21,2.0,1,0.0,0.0,0,0.0,0.0,0,0.2023,0.2544,0.6595674268330969,152
760,대조,0,24.0,26.0,756.9,265.0,1.0,0,22.0,524.01,174.0,1,0,2,128.95,38.0,1,223.51,7.0,1,44.0,10.0,1,89.59,3.0,1,2.6865,4.6565,0.6454772084501642,152
850,처치,1,27.0,29.0,436.32,5553.0,7.0,0,24.0,276.88,134.0,1,0,1,28.3,14.0,1,113.35,7.0,1,14.43,5.0,1,47.76,2.0,1,0.5896,2.3615,0.5471643928815878,153
485,대조,0,43.0,48.0,1369.0,170851.0,4.0,0,33.0,608.6,315.0,1,0,0,276.5,122.0,1,463.45,15.0,1,182.95,78.0,1,326.77,9.0,1,5.7604,9.6552,0.5500861670161665,153
862,처치,1,33.0,41.0,926.95,500.0,2.0,0,32.0,504.34,207.0,1,0,0,21.25,11.0,1,42.15,2.0,1,0.0,0.0,0,0.0,0.0,0,0.4427,0.8781,0.457151152425216,154
1790,대조,0,14.0,14.0,809.52,386.0,7.0,0,14.0,447.55,193.0,1,0,2,56.07,21.0,1,124.93,4.0,1,16.35,6.0,1,19.84,2.0,1,1.1681,2.6027,0.4566835955282723,154
882,처치,1,34.0,36.0,636.14,337.0,17.0,0,32.0,323.28000000000003,161.0,1,0,1,127.92,54.0,1,180.88,22.0,1,57.9,26.0,1,86.86,11.0,1,2.665,3.7683,0.6667517567993053,155
1812,대조,0,33.0,36.0,823.32,24427.0,3.0,0,25.0,256.57,103.0,1,0,1,96.48,43.0,1,222.34,11.0,1,36.81,18.0,1,94.28,6.0,1,2.01,4.6321,0.6439678228649783,155
901,처치,1,21.0,26.0,766.42,4350.0,4.0,0,18.0,409.02,194.0,1,0,2,117.03,51.0,1,225.63,4.0,1,44.74,15.0,1,79.36,1.0,1,2.4381,4.7006,0.6611561098106217,156
280,대조,0,31.0,34.0,732.46,43918.0,12.0,0,21.0,418.84,138.0,1,0,1,144.05,61.0,1,196.51,8.0,1,57.78,29.0,1,95.07,6.0,1,3.001,4.094,0.6398771151289335,156
911,처치,1,24.0,24.0,1466.06,13848.0,2.0,0,23.0,850.8000000000001,422.0,1,0,1,94.22,57.0,1,208.95,4.0,1,24.43,20.0,1,87.7,2.0,1,1.9629,4.3531,0.5278995399582773,157
473,대조,0,18.0,24.0,990.16,81149.0,11.0,0,16.0,490.37,202.0,1,0,1,154.21,79.0,1,266.88,5.0,1,62.61,43.0,1,111.33,2.0,1,3.2127,5.56,0.5282045600650686,157
915,처치,1,31.0,31.0,257.0,160.0,3.0,0,27.0,122.13,62.0,1,0,0,37.43,25.0,1,102.38,15.0,1,25.5,17.0,1,64.89,9.0,1,0.7798,2.1329,0.2948774493701164,158
2099,대조,0,25.0,29.0,405.55,31752.0,4.0,0,18.0,97.11,53.0,1,0,0,5.76,4.0,1,27.16,4.0,1,5.76,4.0,1,27.16,4.0,1,0.12,0.5658,0.2939156936945364,158
916,처치,1,32.0,34.0,419.1,31574.0,1.0,0,25.0,162.33,74.0,1,0,2,130.43,90.0,1,343.06,23.0,1,63.47,47.0,1,176.67000000000002,16.0,1,2.7173,7.1471,0.70201978713923,159
1921,대조,0,33.0,36.0,523.5,24679.0,1.0,0,33.0,356.36,206.0,1,1,1,91.28,39.0,1,120.91,12.0,1,47.18,22.0,1,70.94,8.0,1,1.9017,2.519,0.6388062855842388,159
924,처치,1,22.0,22.0,607.6800000000001,201.0,7.0,0,22.0,401.08,119.0,1,0,2,79.41,25.0,1,115.96,7.0,1,42.97,15.0,1,65.58,4.0,1,1.6544,2.4158,0.6073794296458573,160
119,대조,0,26.0,29.0,1022.9,345.0,25.0,0,28.0,614.77,193.0,1,0,1,70.39,22.0,1,148.62,5.0,1,65.22,19.0,1,142.16,4.0,1,1.4665,3.0962,0.6261607893801816,160
928,처치,1,25.0,27.0,640.55,257.0,2.0,0,23.0,344.42,137.0,1,0,2,118.99,53.0,1,266.98,10.0,1,114.3,50.0,1,213.78,6.0,1,2.479,5.5621,0.6582007355245325,161
1064,대조,0,17.0,18.0,1366.09,542.0,11.0,0,15.0,556.38,277.0,1,2,2,18.88,11.0,1,23.88,2.0,1,18.88,11.0,1,23.88,2.0,1,0.3933,0.4975,0.6324900406288669,161
939,처치,1,27.0,36.0,1164.83,936.0,5.0,0,33.0,571.86,396.0,1,0,0,220.08,130.0,1,468.94,14.0,1,195.22,114.0,1,397.81,12.0,1,4.585,9.7696,0.4404995754123619,162
538,대조,0,17.0,19.0,1172.2,26915.0,5.0,0,17.0,681.2,249.0,1,0,1,323.5,132.0,1,558.08,10.0,1,216.78,76.0,1,384.97,6.0,1,6.7396,11.6267,0.440808438579012,162
954,처치,1,11.0,12.0,548.12,279.0,3.0,0,11.0,270.92,134.0,1,0,2,99.74,48.0,1,167.04,3.0,1,99.74,48.0,1,167.04,3.0,1,2.0779,3.48,0.3622362446896885,163
1666,대조,0,33.0,37.0,420.13,3969.0,1.0,0,26.0,193.91,81.0,1,0,0,31.99,13.0,1,50.56,5.0,1,6.37,4.0,1,15.65,2.0,1,0.6665,1.0533,0.36204068901119973,163
961,처치,1,23.0,23.0,1173.49,475.0,16.0,0,23.0,630.72,276.0,1,0,2,99.86,32.0,1,202.82,3.0,1,71.64,20.0,1,121.19,2.0,1,2.0804,4.2254,0.6749162566632187,164
331,대조,0,22.0,26.0,462.26,231.0,3.0,0,21.0,231.71,113.0,1,0,2,105.09,33.0,1,179.21,11.0,1,66.34,22.0,1,127.4,7.0,1,2.1894,3.7335,0.6321764595793646,164
964,처치,1,19.0,25.0,583.99,294.0,23.0,0,20.0,369.93,150.0,1,0,0,39.76,20.0,1,59.67,2.0,1,39.76,20.0,1,59.67,2.0,1,0.8283,1.2431,0.2998781752973239,165
1088,대조,0,27.0,28.0,514.83,5376.0,3.0,0,25.0,293.96,152.0,1,0,0,33.46,17.0,1,62.47,6.0,1,25.77,14.0,1,52.54,5.0,1,0.6971,1.3015,0.29727365420413837,165
971,처치,1,38.0,40.0,1283.34,590.0,8.0,0,38.0,709.53,301.0,1,0,0,157.46,74.0,1,359.37,12.0,1,87.32000000000001,48.0,1,213.02,7.0,1,3.2804,7.4869,0.49694331369390043,166
779,대조,0,19.0,21.0,909.82,300.0,34.0,0,14.0,371.35,151.0,1,0,1,144.31,61.0,1,263.01,8.0,1,117.7,47.0,1,207.59,6.0,1,3.0065,5.4794,0.49730714613725047,166
986,처치,1,20.0,22.0,544.16,266.0,9.0,0,17.0,269.4,126.0,1,0,1,136.6,59.0,1,200.55,10.0,1,101.86,45.0,1,153.15,7.0,1,2.8458,4.1781,0.45876994675274974,167
1932,대조,0,35.0,39.0,1645.9,165894.0,1.0,0,27.0,713.1,204.0,1,0,0,121.23,38.0,1,398.75,13.0,1,104.19,32.0,1,374.9,11.0,1,2.5256,8.3073,0.4598177742744374,167
987,처치,1,29.0,30.0,545.16,265.0,5.0,0,16.0,248.72,129.0,1,0,2,43.86,14.0,1,80.6,3.0,1,26.9,4.0,1,46.44,2.0,1,0.9138,1.6792,0.6897969445387102,168
2338,대조,0,29.0,33.0,931.96,22400.0,5.0,0,27.0,429.04,213.0,1,0,1,76.87,38.0,1,162.9,4.0,1,0.0,0.0,0,0.0,0.0,0,1.6015,3.3938,0.6320276509320258,168
995,처치,1,6.0,6.0,456.93,184.0,22.0,0,6.0,233.53,100.0,1,0,2,0.0,0.0,0,0.0,0.0,0,0.0,0.0,0,0.0,0.0,0,0.0,0.0,0.1943853602997431,169
519,대조,0,10.0,10.0,230.21,103.0,33.0,0,8.0,112.81,56.0,1,0,1,16.189999999999998,5.0,1,36.8,2.0,1,4.8100000000000005,2.0,1,13.97,1.0,1,0.3373,0.7667,0.19418878006150847,169
999,처치,1,9.0,10.0,286.59,109.0,4.0,0,9.0,169.43,56.0,1,0,2,9.81,10.0,1,17.27,1.0,1,9.81,10.0,1,17.27,1.0,1,0.2044,0.3598,0.2756801537983512,170
1840,대조,0,23.0,29.0,241.73,141.0,7.0,0,16.0,165.56,95.0,1,0,0,50.92,39.0,1,74.72,6.0,1,50.92,39.0,1,74.72,6.0,1,1.0608,1.5567,0.2755103753391626,170
1031,처치,1,52.0,62.0,1806.24,150551.0,3.0,0,45.0,743.33,267.0,1,0,0,194.96,71.0,1,588.59,23.0,1,160.03,58.0,1,403.19,16.0,1,4.0617,12.2623,0.6570711398149386,171
1668,대조,0,21.0,24.0,664.04,12540.0,5.0,0,17.0,309.66,102.0,1,0,2,70.46000000000001,33.0,1,195.86,8.0,1,43.13,11.0,1,112.58,4.0,1,1.4679,4.0804,0.6297712323635029,171
1038,처치,1,72.0,87.0,450.41,320.0,2.0,0,47.0,285.59,159.0,1,0,0,70.73,45.0,1,140.99,33.0,1,47.16,28.0,1,94.35,17.0,1,1.4735,2.9373,0.6888199174007656,172
1065,대조,0,15.0,15.0,1492.86,733.0,13.0,0,13.0,823.47,409.0,1,0,3,214.44,83.0,1,457.57,5.0,1,72.31,29.0,1,165.67000000000002,3.0,1,4.4675,9.5327,0.6270146714799013,172
1047,처치,1,21.0,26.0,298.9,141.0,2.0,0,18.0,139.14,65.0,1,0,1,14.17,7.0,1,43.95,3.0,1,9.68,2.0,1,9.68,1.0,1,0.2952,0.9156,0.4563032545939314,173
1001,대조,0,15.0,18.0,1037.66,457.0,45.0,0,16.0,525.67,263.0,1,0,1,228.62,107.0,1,368.22,7.0,1,113.6,41.0,1,192.98,3.0,1,4.7629,7.6712,0.4599880670285239,173
1061,처치,1,23.0,35.0,1459.62,9393.0,3.0,0,30.0,752.01,268.0,1,0,0,468.58,162.0,1,954.37,11.0,1,275.94,98.0,1,585.33,5.0,1,9.7621,19.8827,0.4322554217691052,174
2275,대조,0,34.0,40.0,540.41,296.0,5.0,0,32.0,297.89,154.0,1,0,0,191.2,87.0,1,383.78,16.0,1,113.54,49.0,1,233.41,10.0,1,3.9833,7.9954,0.4323766555789191,174
1062,처치,1,66.0,72.0,406.68,258.0,5.0,0,65.0,274.27,192.0,1,0,0,64.57000000000001,49.0,1,107.0,18.0,1,25.47,28.0,1,55.5,11.0,1,1.3452,2.2292,0.6426663755680243,175
1191,대조,0,31.0,31.0,800.68,320.0,1.0,0,28.0,458.16,167.0,1,0,1,127.56,35.0,1,231.95,8.0,1,36.59,7.0,1,43.78,4.0,1,2.6575,4.8323,0.5783796451921418,175
1071,처치,1,18.0,19.0,380.04,311.0,2.0,0,18.0,156.71,107.0,1,0,2,143.58,100.0,1,287.61,10.0,1,64.88,51.0,1,142.92,6.0,1,2.9913,5.9919,0.5017351392187033,176
976,대조,0,19.0,21.0,1978.0,727.0,3.0,0,20.0,1041.66,410.0,1,0,1,214.96,100.0,1,454.21,5.0,1,120.41,57.0,1,251.96,4.0,1,4.4783,9.4627,0.501589493077693,176
1072,처치,1,18.0,22.0,962.97,5960.0,3.0,0,17.0,515.04,312.0,1,0,1,147.6,93.0,1,270.81,8.0,1,96.04,68.0,1,177.25,6.0,1,3.075,5.6419,0.47151425881141973,177
1512,대조,0,21.0,24.0,520.22,50785.0,5.0,0,12.0,217.31,114.0,1,0,1,0.0,0.0,0,28.66,2.0,1,0.0,0.0,0,6.66,1.0,1,0.0,0.5971,0.46737659505821116,177
1089,처치,1,21.0,21.0,209.72,1860.0,8.0,0,13.0,115.5,49.0,1,0,0,7.28,2.0,1,8.82,1.0,1,7.28,2.0,1,8.82,1.0,1,0.1517,0.1838,0.18684393148583028,178
1233,대조,0,8.0,9.0,449.07,40726.0,53.0,0,2.0,254.36,95.0,1,0,1,56.07,22.0,1,100.08,2.0,1,56.07,22.0,1,100.08,2.0,1,1.1681,2.085,0.18695165239932482,178
1116,처치,1,8.0,9.0,265.71,156.0,3.0,0,8.0,168.64,83.0,1,0,2,18.33,7.0,1,54.84,2.0,1,15.55,6.0,1,35.49,1.0,1,0.3819,1.1425,0.23923606722497595,179
790,대조,0,19.0,20.0,1004.49,392.0,6.0,0,19.0,680.8100000000001,244.0,1,0,0,211.08,74.0,1,395.36,5.0,1,146.35,52.0,1,247.67,3.0,1,4.3975,8.2367,0.23946943482707161,179
1119,처치,1,25.0,26.0,779.39,8226.0,1.0,0,23.0,384.28,205.0,1,0,0,36.42,23.0,1,131.37,3.0,1,36.42,23.0,1,131.37,3.0,1,0.7588,2.7369,0.280921095457205,180
145,대조,0,12.0,13.0,371.76,149.0,31.0,0,9.0,89.16,43.0,1,0,1,24.26,5.0,1,79.72,3.0,1,0.0,0.0,0,25.97,1.0,1,0.5054,1.6608,0.2798719452868781,180
1122,처치,1,25.0,27.0,452.3,296.0,6.0,0,24.0,222.27,134.0,1,0,1,0.0,0.0,0,0.0,0.0,0,0.0,0.0,0,0.0,0.0,0,0.0,0.0,0.5206469442228473,181
919,대조,0,25.0,29.0,412.52,260.0,2.0,0,23.0,250.52,165.0,1,0,1,17.06,15.0,1,33.2,2.0,1,17.06,15.0,1,33.2,2.0,1,0.3554,0.6917,0.5202667805641891,181
1123,처치,1,20.0,22.0,944.83,313.0,4.0,0,17.0,425.87,143.0,1,0,2,112.89,43.0,1,305.44,6.0,1,91.1,35.0,1,253.41,5.0,1,2.3519,6.3633,0.6163766157338164,182
370,대조,0,48.0,52.0,1373.45,116208.0,3.0,0,35.0,501.28,247.0,1,0,0,172.5,77.0,1,459.86,21.0,1,103.37,50.0,1,257.3,14.0,1,3.5938,9.5804,0.5753234277005183,182
1141,처치,1,15.0,16.0,274.8,136.0,6.0,0,13.0,137.22,51.0,1,0,0,29.88,21.0,1,59.53,5.0,1,26.41,20.0,1,56.059999999999995,4.0,1,0.6225,1.2402,0.1401785447486045,183
549,대조,0,13.0,14.0,350.2,138.0,25.0,0,14.0,225.17,89.0,1,0,0,29.02,12.0,1,34.02,2.0,1,29.02,12.0,1,34.02,2.0,1,0.6046,0.7088,0.14010199571144535,183
1157,처치,1,27.0,32.0,879.58,280.0,2.0,0,21.0,410.74,124.0,1,0,1,74.99,21.0,1,97.01,4.0,1,74.99,21.0,1,97.01,4.0,1,1.5623,2.021,0.5975029502473819,184
442,대조,0,21.0,23.0,344.92,32029.0,5.0,0,14.0,150.62,63.0,1,0,2,263.07,157.0,1,547.23,34.0,1,217.33,131.0,1,425.09,21.0,1,5.4806,11.4006,0.5736343765124244,184
1174,처치,1,30.0,36.0,502.18,330.0,1.0,0,29.0,318.0,171.0,1,0,1,146.49,69.0,1,287.0,13.0,1,57.06,21.0,1,108.92,7.0,1,3.0519,5.9792,0.6045728723137486,185
251,대조,0,23.0,27.0,598.79,7490.0,31.0,0,25.0,357.49,129.0,1,0,1,86.05,23.0,1,128.99,6.0,1,21.23,9.0,1,39.34,3.0,1,1.7927,2.6873,0.572964776169163,185
1188,처치,1,20.0,24.0,481.55,383.0,2.0,0,21.0,307.34,245.0,1,0,1,192.83,154.0,1,324.5,14.0,1,65.89,52.0,1,106.4,4.0,1,4.0173,6.7604,0.45955553886825495,186
2470,대조,0,25.0,26.0,264.09000000000003,20184.0,3.0,0,22.0,143.48,60.0,1,0,1,27.33,12.0,1,44.38,4.0,1,17.35,10.0,1,25.27,3.0,1,0.5694,0.9246,0.46021064843589954,186
1207,처치,1,31.0,37.0,302.21,173.0,1.0,0,27.0,124.23,74.0,1,0,1,13.96,6.0,1,43.92,9.0,1,8.59,3.0,1,25.630000000000003,5.0,1,0.2908,0.915,0.5833863527592918,187
698,대조,0,17.0,19.0,170.46,4293.0,15.0,0,7.0,62.3,34.0,1,0,3,43.06,19.0,1,80.97,2.0,1,3.0,1.0,1,3.0,1.0,1,0.8971,1.6869,0.5727803553874522,187
1224,처치,1,18.0,24.0,546.9,319.0,29.0,0,21.0,307.22,140.0,1,0,0,41.84,19.0,1,67.57,5.0,1,28.47,13.0,1,35.92,4.0,1,0.8717,1.4077,0.28971412479464337,188
419,대조,0,21.0,23.0,870.36,19788.0,23.0,0,16.0,393.38,173.0,1,0,0,0.0,0.0,0,2.21,1.0,1,0.0,0.0,0,2.21,1.0,1,0.0,0.046,0.2905827953962117,188
1239,처치,1,7.0,7.0,584.12,330.0,23.0,0,6.0,337.57,164.0,1,0,1,64.22,28.0,1,133.1,1.0,1,64.22,28.0,1,133.1,1.0,1,1.3379,2.7729,0.15026552087472986,189
1592,대조,0,15.0,15.0,756.6,40054.0,3.0,0,11.0,300.23,84.0,1,0,0,125.51,53.0,1,287.8,8.0,1,54.98,19.0,1,158.51,5.0,1,2.6148,5.9958,0.1506227672578299,189
1293,처치,1,52.0,58.0,1094.83,757.0,5.0,0,53.0,582.2,332.0,1,0,0,170.72,98.0,1,300.37,17.0,1,107.09,64.0,1,181.64,12.0,1,3.5567,6.2577,0.6192190670944124,190
2369,대조,0,26.0,27.0,1020.19,82934.0,11.0,0,16.0,397.32,175.0,1,0,1,211.28,106.0,1,417.86,7.0,1,100.28,48.0,1,225.14,4.0,1,4.4017,8.7054,0.5717289919318409,190
1294,처치,1,17.0,17.0,1812.01,806.0,2.0,0,17.0,977.59,436.0,1,0,1,240.18,98.0,1,376.96,3.0,1,240.18,98.0,1,376.96,3.0,1,5.0038,7.8533,0.4121390207044309,191
1325,대조,0,18.0,19.0,835.5,307.0,3.0,0,18.0,464.95,175.0,1,0,1,172.31,56.0,1,291.5,7.0,1,98.21,25.0,1,175.31,4.0,1,3.5898,6.0729,0.413165106915018,191
1318,처치,1,26.0,27.0,1924.53,48428.0,2.0,0,21.0,1123.86,403.0,1,1,1,173.31,54.0,1,298.61,6.0,1,52.63,18.0,1,93.09,3.0,1,3.6106,6.221,0.6131525105462955,192
2063,대조,0,20.0,21.0,637.6,399.0,2.0,0,20.0,435.79,263.0,1,0,2,171.84,65.0,1,214.33,6.0,1,29.62,19.0,1,43.71,4.0,1,3.58,4.4652,0.57001473131297,192
1351,처치,1,18.0,22.0,87.54,79.0,36.0,0,16.0,48.35,48.0,1,0,1,6.5,4.0,1,15.19,4.0,1,5.0,3.0,1,10.19,3.0,1,0.1354,0.3165,0.38140835052638067,193
337,대조,0,21.0,21.0,288.58,147.0,3.0,0,15.0,109.03,46.0,1,0,1,47.85,26.0,1,88.45,4.0,1,39.06,21.0,1,75.16,3.0,1,0.9969,1.8427,0.38254085034344,193
1369,처치,1,20.0,21.0,499.91,171.0,15.0,0,20.0,222.04,86.0,1,0,1,113.43,49.0,1,279.86,11.0,1,88.11,38.0,1,213.43,7.0,1,2.3631,5.8304,0.4518373055504843,194
2158,대조,0,29.0,37.0,958.95,93311.0,16.0,0,18.0,462.56,288.0,1,0,0,41.35,21.0,1,198.14,9.0,1,12.36,4.0,1,130.29,7.0,1,0.8615,4.1279,0.44870386222294095,194
1389,처치,1,7.0,7.0,470.61,199.0,61.0,0,6.0,220.83,88.0,1,0,0,171.18,45.0,1,363.94,6.0,1,111.78,30.0,1,232.56,4.0,1,3.5662,7.5821,0.06451112426394298,195
2230,대조,0,7.0,8.0,294.90000000000003,113.0,51.0,0,4.0,128.6,48.0,1,0,0,21.9,7.0,1,43.23,2.0,1,21.9,7.0,1,43.23,2.0,1,0.4562,0.9006,0.06543832637742038,195
1402,처치,1,61.0,64.0,912.05,45740.0,3.0,0,51.0,405.82,198.0,1,0,0,28.13,17.0,1,54.32,12.0,1,21.55,13.0,1,35.75,9.0,1,0.586,1.1317,0.633156025107143,196
116,대조,0,22.0,24.0,235.85,122.0,4.0,0,19.0,92.4,80.0,1,0,2,24.74,25.0,1,54.66,7.0,1,12.17,14.0,1,40.4,5.0,1,0.5154,1.1388,0.5690994776289945,196
1409,처치,1,30.0,31.0,1613.75,598.0,1.0,0,28.0,719.21,207.0,1,0,1,304.73,76.0,1,561.54,10.0,1,257.77,60.0,1,469.45,7.0,1,6.3485,11.6987,0.6185159642991902,197
913,대조,0,21.0,21.0,471.83,176.0,2.0,0,19.0,323.3,108.0,1,0,2,85.97,30.0,1,143.56,6.0,1,21.77,8.0,1,29.24,1.0,1,1.791,2.9908,0.5511798182956639,197
1418,처치,1,20.0,20.0,877.73,251.0,8.0,0,19.0,510.78,133.0,1,0,1,65.97,3.0,1,82.69999999999999,2.0,1,65.97,3.0,1,82.69999999999999,2.0,1,1.3744,1.7229,0.45353299859539464,198
793,대조,0,37.0,41.0,479.6,9722.0,13.0,0,24.0,207.88,104.0,1,0,0,64.33,26.0,1,134.9,8.0,1,56.38,23.0,1,111.72,4.0,1,1.3402,2.8104,0.44689178106882327,198
1456,처치,1,24.0,25.0,631.15,257.0,3.0,0,21.0,287.4,112.0,1,0,0,28.28,11.0,1,48.24,3.0,1,22.79,10.0,1,42.75,2.0,1,0.5892,1.005,0.27077355441085055,199
2472,대조,0,17.0,23.0,658.65,281.0,14.0,0,18.0,362.74,159.0,1,0,0,72.74000000000001,28.0,1,146.4,3.0,1,72.74000000000001,28.0,1,146.4,3.0,1,1.5154,3.05,0.2705783985359185,199
1458,처치,1,30.0,33.0,809.07,10256.0,1.0,0,22.0,452.57,205.0,1,0,1,115.21,63.0,1,257.83,11.0,1,58.3,31.0,1,184.65,8.0,1,2.4002,5.3715,0.5954197488995006,200
1464,대조,0,22.0,25.0,760.96,4678.0,12.0,0,23.0,542.16,280.0,1,0,1,161.3,60.0,1,273.52,6.0,1,120.19,39.0,1,208.09,3.0,1,3.3604,5.6983,0.5373083334988238,200
1485,처치,1,14.0,15.0,387.01,109.0,7.0,0,11.0,103.33,35.0,1,0,2,128.07,32.0,1,310.03,5.0,1,122.07,29.0,1,216.91,3.0,1,2.6681,6.459,0.431669325775004,201
1460,대조,0,18.0,19.0,1008.48,17984.0,6.0,0,15.0,515.41,185.0,1,0,1,17.83,5.0,1,44.97,3.0,1,17.83,5.0,1,44.97,3.0,1,0.3715,0.9369,0.4326792588973584,201
1488,처치,1,26.0,27.0,926.65,15238.0,2.0,0,21.0,436.62,229.0,1,0,1,183.56,89.0,1,404.86,6.0,1,169.46,83.0,1,339.09000000000003,4.0,1,3.8242,8.4346,0.5405874151765108,202
1120,대조,0,20.0,24.0,502.5,6644.0,69.0,0,20.0,230.35,125.0,1,0,1,73.99,39.0,1,144.66,4.0,1,22.8,16.0,1,27.04,1.0,1,1.5415,3.0138,0.5337112304220332,202
1505,처치,1,23.0,24.0,1097.96,451.0,3.0,0,22.0,532.26,210.0,1,0,1,134.57,77.0,1,329.38,8.0,1,80.76,49.0,1,199.9,5.0,1,2.8035,6.8621,0.5163079373882499,203
1182,대조,0,12.0,16.0,211.54,12871.0,7.0,0,8.0,102.07,46.0,1,0,3,3.46,3.0,1,6.45,1.0,1,3.46,3.0,1,6.45,1.0,1,0.0721,0.1344,0.5124014136743892,203
1506,처치,1,38.0,46.0,797.45,464.0,1.0,0,36.0,482.63,238.0,1,0,0,110.25,60.0,1,145.59,11.0,1,69.0,37.0,1,87.38,7.0,1,2.2969,3.0331,0.4833739481229415,204
1495,대조,0,46.0,47.0,565.3,416.0,2.0,0,43.0,303.95,170.0,1,0,0,77.21,35.0,1,119.65,13.0,1,45.7,19.0,1,68.84,8.0,1,1.6085,2.4927,0.48430588854112366,204
1508,처치,1,17.0,17.0,421.75,16174.0,3.0,0,15.0,292.55,135.0,1,0,1,79.85000000000001,31.0,1,113.65,7.0,1,74.85000000000001,26.0,1,80.02,4.0,1,1.6635,2.3677,0.33460059430848543,205
2258,대조,0,16.0,16.0,470.38,192.0,6.0,0,16.0,255.44,105.0,1,0,1,34.47,9.0,1,36.76,1.0,1,34.47,9.0,1,36.76,1.0,1,0.7181,0.7658,0.33427039725170965,205
1544,처치,1,7.0,8.0,435.7,17421.0,9.0,0,6.0,170.91,78.0,1,0,3,37.96,24.0,1,111.49,4.0,1,7.48,3.0,1,77.93,3.0,1,0.7908,2.3227,0.32523500083903834,206
1153,대조,0,12.0,17.0,265.29,127.0,10.0,0,14.0,197.79,88.0,1,0,1,80.57,44.0,1,114.07,9.0,1,66.47,37.0,1,91.78,7.0,1,1.6785,2.3765,0.32951043856976336,206
1548,처치,1,11.0,11.0,215.33,108.0,9.0,0,10.0,109.92,48.0,1,0,3,23.6,12.0,1,55.2,2.0,1,23.6,12.0,1,35.18,1.0,1,0.4917,1.15,0.39533172123478894,207
1083,대조,0,16.0,17.0,411.7,156.0,17.0,0,16.0,288.8,99.0,1,1,1,142.62,41.0,1,211.09,3.0,1,111.48,33.0,1,163.18,2.0,1,2.9712,4.3977,0.3954366434048338,207
1578,처치,1,24.0,28.0,784.98,12975.0,4.0,0,24.0,434.36,186.0,1,0,0,95.35,57.0,1,169.42,8.0,1,54.45,41.0,1,90.21,3.0,1,1.9865,3.5296,0.32235950159058463,208
520,대조,0,28.0,29.0,543.8,3990.0,6.0,0,23.0,266.84,136.0,1,0,0,43.36,18.0,1,70.89,4.0,1,43.36,18.0,1,70.89,4.0,1,0.9033,1.4769,0.32022458114077645,208
1587,처치,1,22.0,23.0,274.45,17448.0,11.0,0,16.0,109.47,68.0,1,0,0,0.0,0.0,0,17.8,2.0,1,0.0,0.0,0,10.68,1.0,1,0.0,0.3708,0.22590367856405139,209
2310,대조,0,19.0,20.0,546.23,329.0,13.0,0,19.0,252.83,129.0,1,0,0,32.61,13.0,1,48.07,4.0,1,25.95,10.0,1,40.42,3.0,1,0.6794,1.0015,0.22502233167860872,209
1646,처치,1,18.0,18.0,182.21,29.0,4.0,0,5.0,22.09,7.0,1,0,0,21.28,4.0,1,22.53,2.0,1,0.0,0.0,0,0.0,0.0,0,0.4433,0.4694,0.1347991963467955,210
1426,대조,0,5.0,5.0,248.97,110.0,15.0,0,5.0,135.95,59.0,1,0,2,74.44,22.0,1,118.44,3.0,1,34.39,13.0,1,57.14,1.0,1,1.5508,2.4675,0.13652171817816888,210
1660,처치,1,8.0,9.0,232.17,104.0,21.0,0,6.0,141.21,63.0,1,0,0,7.99,2.0,1,29.74,3.0,1,7.99,2.0,1,10.16,1.0,1,0.1665,0.6196,0.06876628350539281,211
430,대조,0,5.0,5.0,73.11,36.0,38.0,0,5.0,40.78,20.0,1,0,1,40.77,18.0,1,50.97,5.0,1,2.69,1.0,1,4.6899999999999995,2.0,1,0.8494,1.0619,0.06758817851568646,211
1672,처치,1,14.0,18.0,279.27,151.0,11.0,0,12.0,114.42,41.0,1,0,1,3.99,1.0,1,61.8,3.0,1,0.0,0.0,0,35.84,1.0,1,0.0831,1.2875,0.3489902603629135,212
1363,대조,0,23.0,27.0,1613.19,642.0,5.0,0,21.0,863.42,300.0,1,0,0,324.47,111.0,1,623.62,8.0,1,137.89,51.0,1,335.97,6.0,1,6.7598,12.9921,0.350007372095664,212
1678,처치,1,19.0,21.0,557.64,282.0,11.0,0,20.0,344.97,171.0,1,0,2,12.61,5.0,1,17.48,4.0,1,12.61,5.0,1,17.48,4.0,1,0.2627,0.3642,0.5934629501429806,213
1003,대조,0,13.0,18.0,800.61,396.0,3.0,0,18.0,512.74,239.0,1,0,2,267.11,104.0,1,432.47,9.0,1,135.32,45.0,1,223.14,5.0,1,5.5648,9.0098,0.5336134942875539,213
1681,처치,1,21.0,23.0,627.93,27732.0,93.0,0,20.0,289.76,129.0,1,0,1,198.81,68.0,1,319.52,8.0,1,114.19,41.0,1,205.75,4.0,1,4.1419,6.6567,0.5385750610157153,214
2008,대조,0,23.0,24.0,799.98,312.0,21.0,0,19.0,384.15,135.0,1,0,1,112.08,37.0,1,251.21,9.0,1,96.73,32.0,1,221.99,6.0,1,2.335,5.2335,0.5334454753914807,214
1685,처치,1,27.0,28.0,325.24,127.0,2.0,0,23.0,165.21,52.0,1,0,1,18.04,6.0,1,25.42,4.0,1,6.46,2.0,1,11.65,2.0,1,0.3758,0.5296,0.493504876904016,215
83,대조,0,27.0,29.0,300.93,127.0,2.0,0,16.0,131.0,51.0,1,0,1,12.4,5.0,1,94.76,10.0,1,11.0,4.0,1,89.98,8.0,1,0.2583,1.9742,0.49313709968387565,215
1689,처치,1,37.0,40.0,1065.7,30460.0,3.0,0,30.0,528.33,168.0,1,0,0,87.24000000000001,35.0,1,373.77,10.0,1,44.96,28.0,1,250.47,5.0,1,1.8175,7.7869,0.4615994485025994,216
86,대조,0,13.0,18.0,1571.42,534.0,16.0,0,16.0,606.13,184.0,1,0,1,218.44,66.0,1,405.8,2.0,1,138.91,43.0,1,243.93,1.0,1,4.5508,8.4542,0.4616871048593788,216
1695,처치,1,28.0,30.0,245.02,105.0,6.0,0,12.0,80.58,53.0,1,0,0,41.89,26.0,1,70.9,10.0,1,17.64,13.0,1,39.379999999999995,5.0,1,0.8727,1.4771,0.27824276167556306,217
482,대조,0,19.0,24.0,457.41,3018.0,28.0,0,20.0,289.98,116.0,1,0,0,24.380000000000003,9.0,1,46.34,7.0,1,20.39,8.0,1,36.45,6.0,1,0.5079,0.9654,0.2794899449740297,217
1708,처치,1,13.0,13.0,953.27,486.0,3.0,0,12.0,557.9,260.0,1,3,1,83.02,39.0,1,158.57,2.0,1,21.02,10.0,1,62.08,1.0,1,1.7296,3.3035,0.34511327326318464,218
2474,대조,0,14.0,14.0,152.66,95.0,3.0,0,13.0,102.23,72.0,1,0,2,5.49,6.0,1,6.99,1.0,1,0.0,0.0,0,0.0,0.0,0,0.1144,0.1456,0.344914774323911,218
1709,처치,1,37.0,42.0,1022.93,30747.0,3.0,0,30.0,538.03,232.0,1,0,0,117.63,60.0,1,231.22,10.0,1,70.02,41.0,1,158.67,8.0,1,2.4506,4.8171,0.47683857099847454,219
1502,대조,0,11.0,11.0,249.97,82.0,11.0,0,7.0,62.28,25.0,1,0,4,59.99,1.0,1,59.99,1.0,1,59.99,1.0,1,59.99,1.0,1,1.2498,1.2498,0.4778420162129073,219
1735,처치,1,29.0,34.0,1100.22,26068.0,30.0,0,28.0,466.7,158.0,1,0,0,160.75,43.0,1,244.72,3.0,1,68.87,15.0,1,110.71,2.0,1,3.349,5.0983,0.45041834253069957,220
1227,대조,0,32.0,36.0,1493.48,37931.0,3.0,0,31.0,898.49,326.0,1,0,0,258.76,138.0,1,458.56,12.0,1,204.06,115.0,1,355.82,8.0,1,5.3908,9.5533,0.44441083056248987,220
1768,처치,1,31.0,38.0,729.12,6924.0,4.0,0,24.0,480.69,237.0,1,0,0,61.36,37.0,1,62.36,3.0,1,61.36,37.0,1,62.36,3.0,1,1.2783,1.2992,0.4208845049306668,221
1814,대조,0,16.0,16.0,1094.63,358.0,36.0,0,16.0,594.28,203.0,1,0,1,194.48,71.0,1,454.65,7.0,1,116.16,49.0,1,302.87,4.0,1,4.0517,9.4719,0.4173863729958958,221
1774,처치,1,15.0,15.0,1099.33,583.0,27.0,0,15.0,674.84,402.0,1,0,1,149.87,60.0,1,298.4,6.0,1,54.29,28.0,1,121.25,2.0,1,3.1223,6.2167,0.3882911242200514,222
438,대조,0,27.0,30.0,1563.56,640.0,5.0,0,26.0,865.97,335.0,1,0,0,345.35,132.0,1,570.47,5.0,1,263.77,95.0,1,427.67,4.0,1,7.1948,11.8848,0.3881911416818804,222
1794,처치,1,23.0,24.0,1181.31,531.0,2.0,0,22.0,674.67,316.0,1,0,0,141.19,58.0,1,233.57,4.0,1,63.04,25.0,1,120.74,2.0,1,2.9415,4.866,0.2845485813529014,223
1575,대조,0,22.0,23.0,807.4,478.0,14.0,0,23.0,542.84,336.0,1,0,0,125.99,73.0,1,187.62,7.0,1,120.6,66.0,1,182.23,6.0,1,2.6248,3.9088,0.2848637958576911,223
1798,처치,1,13.0,14.0,812.91,386.0,4.0,0,13.0,550.8100000000001,260.0,1,0,0,101.33,52.0,1,171.62,3.0,1,45.05,29.0,1,82.54,1.0,1,2.111,3.5754,0.1451523595394347,224
236,대조,0,6.0,6.0,138.5,54.0,12.0,0,5.0,59.85,18.0,1,0,2,96.42,29.0,1,133.6,4.0,1,69.94,26.0,1,107.12,3.0,1,2.0088,2.7833,0.14513824447191942,224
1802,처치,1,15.0,15.0,1384.59,511.0,2.0,0,14.0,656.95,169.0,1,0,1,471.79,124.0,1,840.63,6.0,1,263.53000000000003,72.0,1,433.62,4.0,1,9.829,17.5131,0.35149017151839596,225
1133,대조,0,29.0,33.0,387.11,175.0,9.0,0,23.0,270.56,116.0,1,0,0,58.51,30.0,1,115.89,9.0,1,45.48,25.0,1,90.76,8.0,1,1.219,2.4144,0.3511040142671865,225
1828,처치,1,7.0,8.0,625.41,238.0,84.0,0,8.0,348.82,129.0,1,0,5,0.0,0.0,0,0.0,0.0,0,0.0,0.0,0,0.0,0.0,0,0.0,0.0,0.5376615452317075,226
2419,대조,0,18.0,19.0,294.69,7950.0,31.0,0,12.0,106.72,34.0,1,0,2,2.32,1.0,1,23.380000000000003,3.0,1,0.0,0.0,0,3.99,1.0,1,0.0483,0.4871,0.5321191267930041,226
1881,처치,1,39.0,44.0,950.67,92437.0,2.0,0,36.0,377.08,183.0,1,0,0,128.5,60.0,1,228.82,10.0,1,101.6,48.0,1,157.85,6.0,1,2.6771,4.7671,0.4870311234137738,227
1963,대조,0,14.0,14.0,515.2,4783.0,4.0,0,12.0,299.54,128.0,1,4,2,124.82,53.0,1,231.7,3.0,1,74.31,37.0,1,153.93,2.0,1,2.6004,4.8271,0.48703366132350306,227
1887,처치,1,38.0,39.0,435.5,207.0,9.0,0,36.0,298.32,110.0,1,0,0,51.59,26.0,1,61.26,8.0,1,14.15,9.0,1,21.75,3.0,1,1.0748,1.2762,0.42507789015687447,228
944,대조,0,31.0,37.0,1064.68,111900.0,3.0,0,22.0,442.13,160.0,1,0,0,46.48,16.0,1,98.91,4.0,1,12.52,5.0,1,52.42,3.0,1,0.9683,2.0606,0.42645252915558624,228
1900,처치,1,14.0,14.0,2052.7200000000003,744.0,7.0,0,13.0,1031.4,366.0,1,0,0,392.62,119.0,1,876.38,6.0,1,244.79,80.0,1,593.94,5.0,1,8.1796,18.2579,0.18112791369018094,229
2144,대조,0,16.0,17.0,948.81,319.0,2.0,0,17.0,500.9,169.0,1,0,0,62.69,24.0,1,197.11,7.0,1,12.0,6.0,1,88.17,4.0,1,1.306,4.1065,0.1842948302779523,229
1912,처치,1,22.0,23.0,618.58,392.0,17.0,0,23.0,301.77,225.0,1,0,1,103.74,68.0,1,201.4,5.0,1,69.38,50.0,1,119.78,3.0,1,2.1613,4.1958,0.5027517590442576,230
283,대조,0,20.0,21.0,1559.39,592.0,6.0,0,21.0,875.2,348.0,1,0,1,246.67,83.0,1,561.47,5.0,1,94.11,34.0,1,208.36,2.0,1,5.139,11.6973,0.5014880972434363,230
1918,처치,1,8.0,8.0,230.15,20055.0,3.0,0,5.0,84.3,31.0,1,0,1,0.0,0.0,0,0.0,0.0,0,0.0,0.0,0,0.0,0.0,0,0.0,0.0,0.123517780333544,231
1581,대조,0,12.0,13.0,566.65,231.0,4.0,0,13.0,293.37,124.0,1,0,0,0.0,0.0,0,3.34,1.0,1,0.0,0.0,0,0.0,0.0,0,0.0,0.0696,0.12325754378768675,231
1922,처치,1,27.0,30.0,793.47,35150.0,7.0,0,24.0,234.67,125.0,1,0,1,211.03,109.0,1,450.15,11.0,1,106.07,53.0,1,211.71,7.0,1,4.3965,9.3781,0.594009751826012,232
529,대조,0,14.0,17.0,669.41,341.0,14.0,0,16.0,427.08,183.0,1,0,2,76.54,47.0,1,126.69,2.0,1,76.54,47.0,1,126.69,2.0,1,1.5946,2.6394,0.5307069075486844,232
1925,처치,1,25.0,28.0,717.89,270.0,4.0,0,24.0,417.74,152.0,1,0,0,78.41,26.0,1,104.83,5.0,1,10.05,9.0,1,21.41,1.0,1,1.6335,2.184,0.3177253146096969,233
1125,대조,0,22.0,32.0,497.11,7746.0,1.0,0,19.0,224.62,92.0,1,0,0,2.17,3.0,1,9.05,3.0,1,0.0,0.0,0,0.0,0.0,0,0.0452,0.1885,0.31739009850272715,233
1940,처치,1,22.0,22.0,781.65,488.0,2.0,0,22.0,464.4,291.0,1,0,1,68.46000000000001,28.0,1,111.29,3.0,1,68.46000000000001,28.0,1,111.29,3.0,1,1.4263,2.3185,0.4584416258391284,234
885,대조,0,34.0,42.0,1112.05,36021.0,2.0,0,16.0,485.49,253.0,1,0,0,23.17,4.0,1,37.14,1.0,1,23.17,4.0,1,37.14,1.0,1,0.4827,0.7738,0.46063646042352985,234
1941,처치,1,44.0,51.0,246.77,147.0,3.0,0,44.0,162.04,91.0,1,0,0,26.03,22.0,1,37.28,10.0,1,15.07,11.0,1,23.94,8.0,1,0.5423,0.7767,0.4720221384472894,235
1429,대조,0,24.0,24.0,233.27,152.0,7.0,0,18.0,126.44,96.0,1,1,1,39.49,25.0,1,49.23,6.0,1,24.99,14.0,1,32.47,3.0,1,0.8227,1.0256,0.4664281696922505,235
1942,처치,1,35.0,40.0,615.3100000000001,16323.0,3.0,0,17.0,247.53,70.0,1,0,0,27.98,10.0,1,171.21,6.0,1,0.0,0.0,0,42.26,3.0,1,0.5829,3.5669,0.41638155981617164,236
1962,대조,0,32.0,37.0,948.29,45639.0,1.0,0,33.0,441.04,160.0,1,0,0,199.85,74.0,1,398.79,15.0,1,138.96,50.0,1,278.94,9.0,1,4.1635,8.3081,0.4133500697820847,236
1953,처치,1,39.0,50.0,1771.77,687.0,8.0,0,41.0,1186.42,396.0,1,0,0,9.4,5.0,1,66.65,4.0,1,9.4,5.0,1,66.65,4.0,1,0.1958,1.3885,0.5979835795572997,237
7,대조,0,15.0,15.0,1093.45,498.0,26.0,0,15.0,664.05,270.0,1,0,2,199.38,71.0,1,327.01,4.0,1,84.57000000000001,30.0,1,138.52,2.0,1,4.1537,6.8127,0.5282192123077722,237
1968,처치,1,24.0,29.0,756.23,391.0,4.0,0,25.0,412.86,243.0,1,0,1,43.11,25.0,1,106.42,3.0,1,22.25,13.0,1,50.98,2.0,1,0.8981,2.2171,0.569683704074815,238
2336,대조,0,18.0,19.0,462.15,273.0,4.0,0,19.0,309.44,143.0,1,0,2,112.93,42.0,1,177.42000000000002,8.0,1,91.31,34.0,1,132.36,4.0,1,2.3527,3.6963,0.5264211673039759,238
1979,처치,1,30.0,32.0,335.75,15967.0,4.0,0,28.0,173.94,123.0,1,0,1,34.67,21.0,1,57.46,6.0,1,17.43,10.0,1,18.12,3.0,1,0.7223,1.1971,0.5596550740803825,239
1330,대조,0,25.0,27.0,694.67,15427.0,2.0,0,23.0,286.06,165.0,1,0,1,34.95,25.0,1,115.86,5.0,1,22.48,11.0,1,84.99000000000001,3.0,1,0.7281,2.4138,0.5255959424170371,239
1993,처치,1,22.0,24.0,472.5,30126.0,15.0,0,17.0,170.73,95.0,1,0,0,2.0,2.0,1,20.75,2.0,1,2.0,2.0,1,11.6,1.0,1,0.0417,0.4323,0.2671200185499062,240
1970,대조,0,22.0,25.0,414.09,239.0,10.0,0,18.0,232.65,117.0,1,0,0,46.26,29.0,1,133.23,8.0,1,28.35,17.0,1,71.47,3.0,1,0.9638,2.7756,0.2666466839283988,240
1996,처치,1,41.0,48.0,1124.26,409.0,1.0,0,32.0,418.45,142.0,1,0,0,18.63,6.0,1,60.95,6.0,1,10.79,4.0,1,19.78,2.0,1,0.3881,1.2698,0.5165776129980925,241
2289,대조,0,24.0,24.0,525.17,250.0,21.0,0,22.0,389.95,153.0,1,0,1,116.83,67.0,1,241.82,7.0,1,53.61,47.0,1,145.25,4.0,1,2.434,5.0379,0.5118135710125711,241
1997,처치,1,19.0,22.0,1457.89,33735.0,13.0,0,17.0,623.18,268.0,1,0,0,202.09,110.0,1,471.14,7.0,1,202.09,110.0,1,435.61,6.0,1,4.2102,9.8154,0.293739072617561,242
1582,대조,0,4.0,6.0,342.49,15644.0,7.0,0,5.0,164.29,59.0,1,0,4,52.4,22.0,1,166.95,3.0,1,44.72,18.0,1,150.9,2.0,1,1.0917,3.4781,0.29270021870055757,242
2006,처치,1,13.0,13.0,398.34,208.0,9.0,0,9.0,181.6,91.0,1,0,3,140.93,75.0,1,389.02,10.0,1,92.63,48.0,1,265.43,7.0,1,2.936,8.1046,0.4854454437701353,243
1219,대조,0,27.0,29.0,173.44,103.0,8.0,0,17.0,100.27,32.0,1,0,1,52.01,14.0,1,90.34,8.0,1,26.369999999999997,8.0,1,48.51,6.0,1,1.0835,1.8821,0.48721419922015186,243
2044,처치,1,12.0,12.0,321.47,121.0,12.0,0,11.0,140.59,46.0,1,0,1,12.39,8.0,1,37.29,3.0,1,4.36,2.0,1,16.23,1.0,1,0.2581,0.7769,0.23943733215956245,244
1019,대조,0,10.0,13.0,362.87,131.0,2.0,0,10.0,213.53,63.0,1,0,1,0.0,0.0,0,0.0,0.0,0,0.0,0.0,0,0.0,0.0,0,0.0,0.0,0.23853944823467085,244
2051,처치,1,9.0,9.0,118.45,10555.0,42.0,0,7.0,38.9,17.0,1,0,4,0.0,0.0,0,0.0,0.0,0,0.0,0.0,0,0.0,0.0,0,0.0,0.0,0.39666125721917594,245
1896,대조,0,30.0,32.0,1223.69,15172.0,5.0,0,28.0,730.26,306.0,1,0,0,257.56,90.0,1,375.12,13.0,1,172.75,59.0,1,240.88,8.0,1,5.3658,7.815,0.3981238096725239,245
2069,처치,1,18.0,21.0,438.23,209.0,3.0,0,19.0,269.53,120.0,1,0,2,122.18,47.0,1,228.29,13.0,1,40.4,22.0,1,88.36,8.0,1,2.5454,4.756,0.5534137524184296,246
138,대조,0,16.0,16.0,996.57,481.0,4.0,0,16.0,633.58,276.0,1,0,2,94.6,37.0,1,280.16,5.0,1,65.57000000000001,28.0,1,219.39,3.0,1,1.9708,5.8367,0.5077475310702955,246
2078,처치,1,7.0,9.0,109.82,39.0,54.0,0,7.0,51.17,13.0,1,0,4,0.0,0.0,0,0.0,0.0,0,0.0,0.0,0,0.0,0.0,0,0.0,0.0,0.3978306307708058,247
1417,대조,0,19.0,30.0,1939.95,128962.0,7.0,0,19.0,901.26,624.0,1,0,0,83.88,55.0,1,221.44,4.0,1,46.65,22.0,1,168.82,2.0,1,1.7475,4.6133,0.39987317961321517,247
2123,처치,1,22.0,22.0,1543.18,676.0,10.0,0,22.0,794.45,310.0,1,0,1,141.4,67.0,1,313.27,4.0,1,84.36,47.0,1,208.49,3.0,1,2.9458,6.5265,0.528928245330929,248
459,대조,0,26.0,26.0,427.09,113.0,7.0,0,23.0,176.45,62.0,1,0,1,27.54,13.0,1,102.22,6.0,1,24.02,11.0,1,97.37,5.0,1,0.5738,2.1296,0.5057967854379103,248
2128,처치,1,14.0,17.0,178.73,59.0,3.0,0,12.0,124.06,27.0,1,0,0,4.0,6.0,1,8.0,2.0,1,4.0,6.0,1,8.0,2.0,1,0.0833,0.1667,0.13126123928955832,249
1447,대조,0,12.0,15.0,260.51,58.0,10.0,0,11.0,188.58,33.0,1,0,0,38.620000000000005,46.0,1,40.9,2.0,1,24.44,24.0,1,24.44,1.0,1,0.8046,0.8521,0.13124811716702464,249
2205,처치,1,14.0,14.0,339.93,171.0,11.0,0,13.0,163.73,76.0,1,0,2,6.93,3.0,1,19.12,1.0,1,0.0,0.0,0,0.0,0.0,0,0.1444,0.3983,0.41348720960380114,250
803,대조,0,20.0,20.0,585.13,271.0,2.0,0,20.0,340.48,138.0,1,0,1,181.35,72.0,1,254.31,9.0,1,103.16,37.0,1,146.73,5.0,1,3.7781,5.2981,0.4061257262305241,250
2211,처치,1,30.0,30.0,760.26,37680.0,16.0,0,23.0,312.48,151.0,1,0,0,65.28,35.0,1,189.38,5.0,1,27.4,18.0,1,97.04,3.0,1,1.36,3.9454,0.3677444073016548,251
2146,대조,0,11.0,12.0,439.22,157.0,9.0,0,10.0,183.24,57.0,1,0,2,23.78,9.0,1,46.34,2.0,1,23.78,9.0,1,46.34,2.0,1,0.4954,0.9654,0.36770649505328357,251
2223,처치,1,5.0,5.0,72.38,18.0,86.0,0,1.0,6.99,1.0,1,0,2,0.0,0.0,0,3.39,1.0,1,0.0,0.0,0,0.0,0.0,0,0.0,0.0706,0.11036535634097738,252
2,대조,0,11.0,11.0,562.5,216.0,15.0,0,11.0,291.52,108.0,1,0,0,27.32,13.0,1,107.52,1.0,1,0.0,0.0,0,0.0,0.0,0,0.5692,2.24,0.10903201442318768,252
2231,처치,1,15.0,16.0,772.79,13788.0,5.0,0,14.0,444.49,164.0,1,0,0,107.17,68.0,1,154.79,6.0,1,71.91,57.0,1,119.53,5.0,1,2.2327,3.2248,0.17148378224707472,253
938,대조,0,8.0,8.0,613.9,264.0,14.0,0,7.0,266.75,90.0,1,0,1,0.0,0.0,0,0.0,0.0,0,0.0,0.0,0,0.0,0.0,0,0.0,0.0,0.17140233737852273,253
2298,처치,1,24.0,27.0,952.67,446.0,3.0,0,27.0,559.82,208.0,1,0,0,164.98,54.0,1,232.38,8.0,1,67.14,20.0,1,95.35,4.0,1,3.4371,4.8412,0.3189242202934945,254
2056,대조,0,16.0,26.0,757.62,287.0,13.0,0,26.0,448.18,141.0,1,0,0,180.05,78.0,1,275.92,15.0,1,132.71,57.0,1,197.92,9.0,1,3.751,5.7483,0.31971264380061093,254
2302,처치,1,20.0,20.0,621.16,337.0,5.0,0,20.0,310.16,155.0,1,0,1,101.78,69.0,1,150.68,7.0,1,63.29,47.0,1,84.0,4.0,1,2.1204,3.1392,0.42516450626127505,255
540,대조,0,19.0,20.0,609.51,209.0,7.0,0,17.0,352.68,121.0,1,0,1,334.46,134.0,1,552.54,14.0,1,208.9,85.0,1,342.55,8.0,1,6.9679,11.5112,0.42691100777094715,255
2303,처치,1,25.0,27.0,903.4,11086.0,12.0,0,20.0,388.07,124.0,1,0,1,22.36,4.0,1,63.99,3.0,1,22.36,4.0,1,63.99,3.0,1,0.4658,1.3331,0.5714712689254402,256
398,대조,0,37.0,50.0,694.63,33116.0,2.0,0,24.0,265.93,168.0,1,0,0,32.78,18.0,1,199.08,18.0,1,32.78,18.0,1,186.74,17.0,1,0.6829,4.1475,0.5054264034731257,256
2319,처치,1,10.0,10.0,368.15,164.0,36.0,0,8.0,174.24,67.0,1,0,1,73.65,26.0,1,194.77,6.0,1,20.32,9.0,1,59.73,4.0,1,1.5344,4.0577,0.21357321610025057,257
2002,대조,0,12.0,12.0,306.42,5811.0,2.0,0,11.0,183.22,86.0,1,0,1,116.52,62.0,1,242.79,3.0,1,87.03,47.0,1,183.29,1.0,1,2.4275,5.0581,0.21367726804263754,257
2344,처치,1,15.0,16.0,646.4300000000001,22076.0,11.0,0,13.0,280.28,131.0,1,0,1,102.76,57.0,1,204.34,5.0,1,88.41,51.0,1,181.93,4.0,1,2.1408,4.2571,0.35843575455637394,258
1957,대조,0,15.0,16.0,770.94,317.0,10.0,0,10.0,336.84000000000003,122.0,1,0,1,55.3,20.0,1,145.85,2.0,1,28.950000000000003,10.0,1,92.78,1.0,1,1.1521,3.0385,0.3608543907890883,258
2350,처치,1,13.0,15.0,562.43,15021.0,31.0,0,13.0,275.0,128.0,1,0,1,0.0,0.0,0,0.0,0.0,0,0.0,0.0,0,0.0,0.0,0,0.0,0.0,0.3509501471518544,259
507,대조,0,16.0,17.0,471.99,14230.0,11.0,0,8.0,183.14,116.0,1,0,1,0.0,0.0,0,53.459999999999994,2.0,1,0.0,0.0,0,34.3,1.0,1,0.0,1.1137,0.35095361270847414,259
2356,처치,1,19.0,22.0,437.03,254.0,2.0,0,19.0,211.14,112.0,1,0,1,60.72,25.0,1,81.58,6.0,1,57.33,24.0,1,76.8,5.0,1,1.265,1.6996,0.4209870054972179,260
1218,대조,0,29.0,32.0,1308.55,70060.0,20.0,0,25.0,697.24,347.0,1,0,0,329.1,194.0,1,459.54,9.0,1,197.76,117.0,1,228.84,5.0,1,6.8562,9.5738,0.4275268869049163,260
2358,처치,1,27.0,29.0,794.36,241.0,3.0,0,25.0,539.57,142.0,1,0,0,55.89,15.0,1,111.86,4.0,1,55.89,15.0,1,111.86,4.0,1,1.1644,2.3304,0.3303830527187805,261
2390,대조,0,12.0,12.0,199.33,76.0,12.0,0,10.0,97.85,36.0,1,0,2,32.589999999999996,19.0,1,70.64,3.0,1,32.589999999999996,19.0,1,69.25,2.0,1,0.679,1.4717,0.33055024890043183,261
2364,처치,1,40.0,40.0,2606.95,1113.0,2.0,0,36.0,1673.97,637.0,1,0,0,287.31,117.0,1,550.3,9.0,1,155.66,59.0,1,337.77,6.0,1,5.9856,11.4646,0.5125051063711856,262
2379,대조,0,19.0,19.0,396.39,30607.0,2.0,0,14.0,160.88,70.0,1,0,2,99.07,41.0,1,151.72,3.0,1,38.97,14.0,1,38.97,2.0,1,2.064,3.1608,0.4985013658276012,262
2372,처치,1,15.0,17.0,1039.9,442.0,4.0,0,13.0,573.51,228.0,1,0,1,200.97,90.0,1,374.5,9.0,1,124.27,60.0,1,243.56,4.0,1,4.1869,7.8021,0.38587068933672025,263
1034,대조,0,19.0,20.0,181.09,83.0,32.0,0,15.0,103.71,44.0,1,0,1,2.69,1.0,1,3.68,1.0,1,2.69,1.0,1,3.68,1.0,1,0.056,0.0767,0.38615749525870746,263
2375,처치,1,41.0,51.0,1176.64,510.0,1.0,0,35.0,753.9300000000001,277.0,1,0,0,239.03,99.0,1,355.41,11.0,1,221.69,92.0,1,327.33,7.0,1,4.9798,7.4044,0.5434353968383148,264
37,대조,0,18.0,22.0,1138.65,39405.0,9.0,0,13.0,211.55,84.0,1,0,1,30.48,21.0,1,37.96,2.0,1,30.48,21.0,1,37.96,2.0,1,0.635,0.7908,0.4965731562418095,264
2381,처치,1,26.0,28.0,597.88,34228.0,9.0,0,19.0,239.33,162.0,1,0,1,121.53,80.0,1,216.46,5.0,1,55.33,37.0,1,109.83,3.0,1,2.5319,4.5096,0.5529824569522709,265
1102,대조,0,16.0,17.0,327.62,145.0,18.0,0,15.0,158.88,77.0,1,0,2,123.28,49.0,1,198.24,7.0,1,76.46,28.0,1,138.94,5.0,1,2.5683,4.13,0.49220039628498,265
2423,처치,1,15.0,19.0,1003.68,9293.0,25.0,0,16.0,486.4,259.0,1,0,0,70.58,33.0,1,108.28,2.0,1,47.2,26.0,1,84.9,1.0,1,1.4704,2.2558,0.2454915203814093,266
1126,대조,0,8.0,8.0,775.58,349.0,1.0,0,8.0,413.41,161.0,1,0,2,63.92,24.0,1,113.08,1.0,1,0.0,0.0,0,0.0,0.0,0,1.3317,2.3558,0.2454698053416643,266
2437,처치,1,17.0,17.0,1145.73,414.0,27.0,0,16.0,568.41,196.0,1,0,1,157.4,58.0,1,321.4,4.0,1,108.0,38.0,1,238.4,2.0,1,3.2792,6.6958,0.434559949646377,267
1468,대조,0,18.0,19.0,1121.96,23092.0,4.0,0,16.0,647.9300000000001,263.0,1,0,1,191.32,70.0,1,504.49,12.0,1,135.85,48.0,1,305.39,6.0,1,3.9858,10.5102,0.4327214454530867,267
2441,처치,1,30.0,30.0,303.09,208.0,3.0,0,26.0,177.58,131.0,1,0,1,65.64,45.0,1,118.29,10.0,1,47.7,29.0,1,74.14,6.0,1,1.3675,2.4644,0.5236495583365386,268
2033,대조,0,37.0,43.0,1062.16,72843.0,4.0,0,27.0,369.02,125.0,1,0,0,36.98,9.0,1,192.89,14.0,1,20.36,6.0,1,151.16,9.0,1,0.7704,4.0185,0.49032135892722034,268
2482,처치,1,5.0,9.0,96.13,46.0,88.0,0,7.0,67.0,31.0,1,0,2,67.91,31.0,1,146.36,3.0,1,0.0,0.0,0,0.0,0.0,0,1.4148,3.0492,0.24559437978546103,269
2483,대조,0,26.0,26.0,295.91,236.0,2.0,0,26.0,137.13,86.0,1,0,0,24.86,22.0,1,79.58,7.0,1,14.46,12.0,1,49.6,4.0,1,0.5179,1.6579,0.2457191110383015,269
2485,처치,1,18.0,21.0,356.42,16102.0,12.0,0,14.0,154.4,63.0,1,0,1,62.45,27.0,1,97.12,7.0,1,49.2,21.0,1,66.62,5.0,1,1.301,2.0233,0.4192843421066774,270
302,대조,0,22.0,23.0,464.07,158.0,1.0,0,17.0,328.43,96.0,1,0,1,109.15,24.0,1,216.72,12.0,1,48.32,17.0,1,154.89,8.0,1,2.274,4.515,0.42830202943989715,270
